line,gene,n_donors,K,identifiable,mse_M,mse_B,mse_Rnd,pcc_M,pcc_B,batch,lineage
C4I,ADAR,14,12,1,0.009883786490357946,0.009479858479636309,0.009565342718899436,0.3211298693721036,0.3181928921796507,apollo33,Cervix
C4I,ADAT2,15,15,0,0.002541426316915978,0.002541426316915978,0.002541426316915978,0.05024169390922424,0.05024169390922424,apollo33,Cervix
C4I,AP2M1,15,9,1,0.009610528196552637,0.00950129582286702,0.009660195505751337,0.18925904742495755,0.19397598389266327,apollo33,Cervix
C4I,ATF4,15,6,1,0.008150522731872724,0.007987878794271127,0.008310487116261728,0.25772809232348814,0.25995168942581653,apollo33,Cervix
C4I,ATP5PO,15,9,1,0.00466661920146553,0.004575168135606884,0.004707341501153057,0.38720775940956703,0.35778260654016847,apollo33,Cervix
C4I,BCL2L2,15,3,1,0.004820263966998718,0.004079242947911089,0.004670418316079573,0.04622476343611571,0.045564219775645946,apollo33,Cervix
C4I,BRD4,15,15,0,0.014300369558998523,0.014300369558998523,0.014300369558998521,0.5251045988151462,0.5251045988151462,apollo33,Cervix
C4I,C3orf38,15,5,1,0.004066718178892708,0.003526791828480994,0.004035782823477657,0.05312822406386086,0.1382275138816824,apollo33,Cervix
C4I,CAB39,15,12,1,0.005193387714432104,0.00486363530557701,0.0049300672764809785,0.24238767778342427,0.26107224713931465,apollo33,Cervix
C4I,CCDC51,15,7,1,0.009279673372193372,0.008215881248799437,0.008553338626842084,0.19767623919685415,0.20159998447049643,apollo33,Cervix
C4I,CCNE1,15,5,1,0.008142138668922034,0.006970328282239831,0.007456418463546856,0.1616011776143874,0.12915833668120852,apollo33,Cervix
C4I,CD46,15,15,0,0.0044714042893300035,0.0044714042893300035,0.004471404289330004,0.11913918002582195,0.11913918002582195,apollo33,Cervix
C4I,CDK4,15,3,1,0.009050437264112978,0.006216102026674212,0.007130855001958867,0.042566524778954486,0.12795823370040085,apollo33,Cervix
C4I,CLPB,15,13,1,0.005497128285196156,0.005555512667479446,0.005585577125727466,0.4308169033595573,0.41362136149146866,apollo33,Cervix
C4I,COX5B,15,9,1,0.006010714068146642,0.006172359703640678,0.00628856885698514,0.25382449503355026,0.2580604267420893,apollo33,Cervix
C4I,DCLRE1B,15,7,1,0.003435993975233983,0.003266349328322572,0.0034634379173197703,0.1693694300104985,0.1781808294145623,apollo33,Cervix
C4I,DNAJC13,15,6,1,0.005623312964143213,0.005418941497464926,0.005719509340327066,0.19781593713221188,0.21055431839942618,apollo33,Cervix
C4I,EEFSEC,15,9,1,0.004881551723814234,0.0045929736599029415,0.004719460048551234,0.1723248290752039,0.2470144476909719,apollo33,Cervix
C4I,FBXO7,15,5,1,0.005883252678512785,0.005536457698040203,0.005840546548626325,0.11164222589445877,0.17126452821093413,apollo33,Cervix
C4I,GET4,15,15,0,0.005892669278784858,0.005892669278784858,0.005892669278784858,-0.012240834810527566,-0.012240834810527566,apollo33,Cervix
C4I,GPX4,14,7,1,0.00887093663510311,0.0073894213104571844,0.007645127598148965,-0.34593380234769605,-0.31906137301909687,apollo33,Cervix
C4I,HDAC3,15,15,0,0.007427263657334875,0.007427263657334875,0.007427263657334873,0.41092252568388254,0.41092252568388254,apollo33,Cervix
C4I,IBA57,15,15,0,0.0032912158860187064,0.0032912158860187064,0.0032912158860187056,0.12837442781307015,0.12837442781307015,apollo33,Cervix
C4I,IER3IP1,15,15,0,0.017809156525961094,0.017809156525961094,0.017809156525961097,0.15563810599025504,0.15563810599025504,apollo33,Cervix
C4I,KCTD5,15,6,1,0.006479526953647309,0.005270673662852673,0.00556687978503782,-0.08873954212154452,-0.007305414373445504,apollo33,Cervix
C4I,KIF2C,15,10,1,0.006157004163174426,0.006186568699287667,0.0063062484944919305,0.24461285303295843,0.18144214272477885,apollo33,Cervix
C4I,LRP8,15,8,1,0.005713865829969235,0.005155474690424098,0.005327486767963711,0.1462549064010333,0.16420354246154678,apollo33,Cervix
C4I,MAD2L1,9,9,0,0.012542120257438899,0.012542120257438899,0.012542120257438895,0.3522457369290024,0.3522457369290024,apollo33,Cervix
C4I,MAPK1,15,7,1,0.0035296780532741152,0.0035007834415870034,0.0036994977998143393,0.1901695963551328,0.19900811970160637,apollo33,Cervix
C4I,MDM2,12,3,1,0.00481949227317331,0.004063554188644799,0.00472411075145834,0.03838787532585689,0.029712284525783308,apollo33,Cervix
C4I,METAP1,15,8,1,0.008425893037518166,0.007098916851890092,0.007295247508579901,-0.2432857729890439,-0.11741174195624632,apollo33,Cervix
C4I,METTL1,15,7,1,0.0037198358855884293,0.00351266007404363,0.003695722897286665,0.10164864833794587,0.10666508189681514,apollo33,Cervix
C4I,MIB1,15,3,1,0.005488025154173457,0.004026302888057954,0.004909449097166069,0.016232096601191785,0.05630664405259518,apollo33,Cervix
C4I,MIPEP,15,7,1,0.002688182632051615,0.0025922037972754917,0.0027261288883037855,0.15432621728475965,0.16933692360195424,apollo33,Cervix
C4I,MTOR,15,15,0,0.006342276329693878,0.006342276329693878,0.006342276329693877,0.6411167321920592,0.6411167321920592,apollo33,Cervix
C4I,MTPAP,15,15,0,0.005135906918669836,0.005135906918669836,0.0051359069186698355,0.8536584896111761,0.8536584896111761,apollo33,Cervix
C4I,MYC,14,14,0,0.01421729463165709,0.01421729463165709,0.014217294631657086,0.7119115973296822,0.7119115973296822,apollo33,Cervix
C4I,N6AMT1,15,6,1,0.006927253811846188,0.005333736237115833,0.0055906962214443585,0.0015095603995939084,0.07483327395308517,apollo33,Cervix
C4I,NFKB1,15,15,0,0.003843523042661368,0.003843523042661368,0.0038435230426613685,0.17095207052663117,0.17095207052663117,apollo33,Cervix
C4I,NHLRC2,15,15,0,0.0032740924725642574,0.0032740924725642574,0.0032740924725642574,0.030108924365679825,0.030108924365679825,apollo33,Cervix
C4I,NRBP1,14,13,1,0.007686135778500393,0.007595124745161945,0.007628322789928015,0.4499869841788431,0.4546711622346293,apollo33,Cervix
C4I,PIK3CA,15,9,1,0.004628408539802832,0.00404557337711938,0.0042023121318579704,0.15569106181655526,0.1176615732160763,apollo33,Cervix
C4I,PITRM1,15,4,1,0.0031028321221723406,0.0030938442010424597,0.0035248147875090253,0.18672196423244758,0.13884683491194555,apollo33,Cervix
C4I,PPIL1,15,6,1,0.005762383928018725,0.00537488660621076,0.005659293787323345,0.07756331557418125,0.14342621994590524,apollo33,Cervix
C4I,PPP2R2A,15,10,1,0.0036254326009494994,0.0035546490160962207,0.0036336225570208587,0.25469970939116265,0.2534884119453835,apollo33,Cervix
C4I,PRKRA,15,8,1,0.008032919765181282,0.00603854769090722,0.0063836923270498246,-0.1261423737329284,-0.08665737396328693,apollo33,Cervix
C4I,RAB18,15,4,1,0.009365069013512983,0.0074805688740069,0.00803547761785415,0.09144150855228371,0.2222352578369129,apollo33,Cervix
C4I,RAB7A,15,12,1,0.005861263517700044,0.005826706795943729,0.00587959074022179,0.31329282783234996,0.2984696175179177,apollo33,Cervix
C4I,RAD51,13,12,1,0.0126205141937896,0.012780763706457426,0.01281821876022439,0.2080513778347644,0.2084362814879954,apollo33,Cervix
C4I,RHOA,15,12,1,0.005826229324962996,0.005633996975538691,0.0057001688464778585,0.2455479925242895,0.25352312235108687,apollo33,Cervix
C4I,RNF31,15,3,1,0.005561025036650207,0.0036468134059594987,0.004416623511107616,0.010781953791726702,0.037683274136401865,apollo33,Cervix
C4I,SCYL1,15,9,1,0.008929797213948945,0.00806792188445069,0.008277807665852678,0.00024869252046481866,0.11967926356561712,apollo33,Cervix
C4I,SDHB,15,7,1,0.0039056238282430757,0.003751977659328204,0.0039476722747701825,0.10932383984817057,0.13142932866366405,apollo33,Cervix
C4I,SEC23IP,15,10,1,0.005526155691000595,0.004279344712218772,0.004435128570446222,0.10295946823604925,0.13095630719102788,apollo33,Cervix
C4I,SLC20A1,15,3,1,0.005236583088269781,0.004527142687972115,0.005293323470040618,-0.01850131767994786,0.022783470253671344,apollo33,Cervix
C4I,SLC25A3,15,15,0,0.004090995728585252,0.004090995728585252,0.004090995728585254,0.07346180107076117,0.07346180107076117,apollo33,Cervix
C4I,SLC39A10,15,13,1,0.00649394549182129,0.006244451014342531,0.006330084902989423,0.5896287646075802,0.5983460987045042,apollo33,Cervix
C4I,SLC39A9,15,7,1,0.003964510942091171,0.0035040578724673034,0.0036635146662984484,0.025745694639488927,0.0535036123584767,apollo33,Cervix
C4I,SMCHD1,15,4,1,0.008419723541704,0.008302940112104376,0.008733950334569952,0.1438127926022608,0.16837702938052918,apollo33,Cervix
C4I,SMG6,15,15,0,0.011292968831510122,0.011292968831510122,0.011292968831510123,0.7068869418125079,0.7068869418125079,apollo33,Cervix
C4I,SPRING1,15,6,1,0.005229704881009489,0.0055920032922397965,0.00581693413237009,0.12556813279317017,0.09067672307010649,apollo33,Cervix
C4I,STEAP3,15,15,0,0.00429929541878724,0.00429929541878724,0.00429929541878724,0.04445477911270269,0.04445477911270269,apollo33,Cervix
C4I,STXBP3,15,10,1,0.00559977218143733,0.004418855294639191,0.004558008513914331,-0.03882198418554504,-0.0014409003737444598,apollo33,Cervix
C4I,SUZ12,15,11,1,0.005722707094937791,0.005789066395358104,0.005869569443472584,0.3074441610859411,0.2838496280381162,apollo33,Cervix
C4I,TFRC,15,6,1,0.012544742923451379,0.012325411242059449,0.012883467201010261,0.23555376333016995,0.2547491464041136,apollo33,Cervix
C4I,TRAF2,15,15,0,0.006765704727543376,0.006765704727543376,0.0067657047275433745,0.14907117674156825,0.14907117674156825,apollo33,Cervix
C4I,TRAIP,14,10,1,0.017104875690685785,0.017037762525608142,0.017149064006275375,0.34904031371868705,0.34849010591948343,apollo33,Cervix
C4I,TWNK,15,8,1,0.005355532575099111,0.005166799118100944,0.005308774625827754,0.12754722938013166,0.14318098453755368,apollo33,Cervix
C4I,TXN,15,5,1,0.005021909820782175,0.004712056335194289,0.0050500454198370275,0.15346444827244485,0.17008710861326795,apollo33,Cervix
C4I,TYMS,15,15,0,0.005621202475881556,0.005621202475881556,0.005621202475881558,0.24090324560843113,0.24090324560843113,apollo33,Cervix
C4I,UBA5,15,13,1,0.0031636357432104434,0.0032257206512049134,0.003247893544761995,0.3427630431336878,0.32551338794189594,apollo33,Cervix
C4I,UBE2C,15,7,1,0.00489925282313219,0.0038507690712049304,0.004069955465111884,0.09695058305094537,0.1165207973754471,apollo33,Cervix
C4I,UBE2D3,13,9,1,0.014796762460414736,0.014428923020376488,0.014561243226066776,0.13232399825398777,0.1324136507882114,apollo33,Cervix
C4I,UBE2G2,15,6,1,0.0030189165993523338,0.0029339450850496174,0.0031764500675743835,0.25520038410068163,0.21272510698163505,apollo33,Cervix
C4I,UBE2H,15,9,1,0.004637695986294531,0.004465661600992107,0.004626328668885915,0.3656226237208982,0.3650313857665917,apollo33,Cervix
C4I,UBE2S,15,4,1,0.0067033715491897706,0.0052492604743433315,0.005900315471968877,0.14703010521191015,0.11740886090788574,apollo33,Cervix
C4I,UBE3A,15,15,0,0.02277804104054774,0.02277804104054774,0.02277804104054774,0.3823505746043476,0.3823505746043476,apollo33,Cervix
C4I,UFL1,15,6,1,0.004299390297026569,0.003906928767976022,0.004174469396415275,0.11861623660217999,0.10918819996066531,apollo33,Cervix
C4I,USP37,13,4,1,0.01876740434379755,0.014485291822123566,0.015442410187879693,-0.09646672929458439,-0.1136839274366838,apollo33,Cervix
C4I,WDR48,15,15,0,0.005859578721175293,0.005859578721175293,0.005859578721175291,0.08582034022985988,0.08582034022985988,apollo33,Cervix
C4I,WDR89,15,15,0,0.0045243164295569235,0.0045243164295569235,0.004524316429556924,0.014064423095592202,0.014064423095592202,apollo33,Cervix
C4I,XRN1,15,15,0,0.00602187869482235,0.00602187869482235,0.00602187869482235,0.6605286800772417,0.6605286800772417,apollo33,Cervix
C4I,YTHDF2,15,15,0,0.005578996185441197,0.005578996185441197,0.005578996185441197,0.35631957363877537,0.35631957363877537,apollo33,Cervix
HCT15,ADAR,11,8,1,0.007887791916846076,0.008230235127594257,0.008480835131419647,0.5814589585611954,0.5743680851595067,apollo31,Bowel
HCT15,ADAT2,12,12,0,0.0015959126144419087,0.0015959126144419087,0.0015959126144419087,0.0581977563710912,0.0581977563710912,apollo31,Bowel
HCT15,AP2M1,12,7,1,0.008195947485198064,0.0075124118908791344,0.007738565626702773,0.1475647468948028,0.18637546530219237,apollo31,Bowel
HCT15,ATF4,12,12,0,0.004171972595315926,0.004171972595315926,0.0041719725953159245,0.3190978230598915,0.3190978230598915,apollo31,Bowel
HCT15,ATP5PO,12,6,1,0.0039025442254260675,0.0041316946304581735,0.00432859116841929,0.4758685576860036,0.47518587002746204,apollo31,Bowel
HCT15,BCL2L2,12,12,0,0.0029741385683732693,0.0029741385683732693,0.0029741385683732685,0.06611862424252621,0.06611862424252621,apollo31,Bowel
HCT15,BRD4,12,12,0,0.009763358309488344,0.009763358309488344,0.009763358309488346,0.6009772387102775,0.6009772387102775,apollo31,Bowel
HCT15,C3orf38,12,12,0,0.00409282733090091,0.00409282733090091,0.00409282733090091,0.10033778786898451,0.10033778786898451,apollo31,Bowel
HCT15,CAB39,12,10,1,0.004787907319641324,0.0042006533496476775,0.004284090660465608,-0.050452403031060265,-0.0011239686796697685,apollo31,Bowel
HCT15,CCDC51,12,7,1,0.0060372519205973,0.004571179990949348,0.004858936032689314,0.007610946843283154,0.037305879845804434,apollo31,Bowel
HCT15,CCNE1,12,12,0,0.0028128139581904787,0.0028128139581904787,0.002812813958190478,0.052499819108110475,0.052499819108110475,apollo31,Bowel
HCT15,CD46,12,12,0,0.003261682164698063,0.003261682164698063,0.003261682164698063,0.10588501457533447,0.10588501457533447,apollo31,Bowel
HCT15,CDK4,12,12,0,0.004044473727515485,0.004044473727515485,0.004044473727515485,0.047890008848865094,0.047890008848865094,apollo31,Bowel
HCT15,CLPB,12,10,1,0.0032909160099227107,0.003178316866868313,0.0032352461548174638,0.26665622694141833,0.25650271509243433,apollo31,Bowel
HCT15,COX5B,12,7,1,0.003613212252217005,0.003468661940896167,0.0036508600676235254,0.2816445855942066,0.31260429486354707,apollo31,Bowel
HCT15,DCLRE1B,12,4,1,0.003753369063539922,0.003312886511300614,0.003759107844093786,0.0977692305527915,0.18766091286204917,apollo31,Bowel
HCT15,DNAJC13,12,12,0,0.002969752332012923,0.002969752332012923,0.0029697523320129236,0.08355571613416768,0.08355571613416768,apollo31,Bowel
HCT15,EEFSEC,12,7,1,0.003275778578067837,0.002712152739366281,0.0029152006712338274,0.15512341942346553,0.21242395094517272,apollo31,Bowel
HCT15,FBXO7,12,12,0,0.0029346683068337777,0.0029346683068337777,0.0029346683068337772,0.019475289141505422,0.019475289141505422,apollo31,Bowel
HCT15,GET4,12,12,0,0.003047478847039744,0.003047478847039744,0.0030474788470397436,0.011644459303068695,0.011644459303068695,apollo31,Bowel
HCT15,GPX4,11,11,0,0.0034133091108554084,0.0034133091108554084,0.0034133091108554097,0.15605672766280415,0.15605672766280415,apollo31,Bowel
HCT15,HDAC3,12,11,1,0.005745447942787545,0.005488322575816064,0.005540294421199877,0.38456414939780437,0.4015032092049006,apollo31,Bowel
HCT15,IBA57,12,12,0,0.0032629194735639367,0.0032629194735639367,0.003262919473563936,0.08456567401841597,0.08456567401841597,apollo31,Bowel
HCT15,IER3IP1,12,12,0,0.003041764970159747,0.003041764970159747,0.003041764970159747,0.2589347990489762,0.2589347990489762,apollo31,Bowel
HCT15,KCTD5,12,4,1,0.0033785843634119316,0.002582722578635596,0.003133190259265473,0.26279872342398,0.22171544615992306,apollo31,Bowel
HCT15,KIF2C,12,8,1,0.0043530635427411314,0.003674562155295991,0.00384268240948259,-0.07428844159154281,0.04133957157122843,apollo31,Bowel
HCT15,LRP8,12,6,1,0.0034059789296582705,0.003026830128964429,0.003307477811233322,0.15899180538810445,0.12066878962993963,apollo31,Bowel
HCT15,MAPK1,12,4,1,0.003248963404694904,0.0030847099879463768,0.003554180634965572,0.1744765398523901,0.12352648873770822,apollo31,Bowel
HCT15,MDM2,9,9,0,0.0033206105582073106,0.0033206105582073106,0.00332061055820731,0.09193312415875168,0.09193312415875168,apollo31,Bowel
HCT15,METAP1,12,12,0,0.0027070356778463494,0.0027070356778463494,0.0027070356778463502,0.32196628270389477,0.32196628270389477,apollo31,Bowel
HCT15,METTL1,12,6,1,0.003266689960527445,0.002804256399229826,0.003013349429715147,0.07953009810258785,0.077089377558225,apollo31,Bowel
HCT15,MIB1,12,3,1,0.004401137930381227,0.002703870797783138,0.003613804898684518,0.020803717439958538,0.12114289756642058,apollo31,Bowel
HCT15,MIPEP,12,3,1,0.002859068883883909,0.002629642195749085,0.0030960821141699617,0.24910110832579913,0.2732173265675792,apollo31,Bowel
HCT15,MTOR,12,12,0,0.004931402049093398,0.004931402049093398,0.004931402049093398,0.702736088933191,0.702736088933191,apollo31,Bowel
HCT15,MTPAP,12,12,0,0.0040192002829091515,0.0040192002829091515,0.004019200282909153,0.8204283108854397,0.8204283108854397,apollo31,Bowel
HCT15,MYC,11,11,0,0.019069396435027086,0.019069396435027086,0.019069396435027086,0.6523791104426159,0.6523791104426159,apollo31,Bowel
HCT15,N6AMT1,12,5,1,0.0048701842565593905,0.003106492082748152,0.003469232683082114,-0.1754719351234781,-0.05982462560903681,apollo31,Bowel
HCT15,NFKB1,12,12,0,0.0019628625617618854,0.0019628625617618854,0.001962862561761886,0.15469233726260426,0.15469233726260426,apollo31,Bowel
HCT15,NHLRC2,12,12,0,0.0022244973125487206,0.0022244973125487206,0.0022244973125487206,-0.0699759145327224,-0.0699759145327224,apollo31,Bowel
HCT15,NRBP1,11,10,1,0.008001176559410492,0.007941509641079255,0.00800409985323202,0.43750465571478936,0.4317778306472539,apollo31,Bowel
HCT15,PIK3CA,12,7,1,0.0061414515383722435,0.006467893914224461,0.006640334048393556,0.43830401788641193,0.43645493294703064,apollo31,Bowel
HCT15,PITRM1,12,12,0,0.0031850872613671927,0.0031850872613671927,0.003185087261367193,0.15387517564412964,0.15387517564412964,apollo31,Bowel
HCT15,PKMYT1,11,8,1,0.00468850514342384,0.004535425179954788,0.004670672572119667,0.38172187765091253,0.39205170567040704,apollo31,Bowel
HCT15,POLR2D,8,8,0,0.012197174061519092,0.012197174061519092,0.012197174061519092,0.6243243170810149,0.6243243170810149,apollo31,Bowel
HCT15,PPIL1,12,12,0,0.0034748330664093755,0.0034748330664093755,0.003474833066409375,0.16073985804657936,0.16073985804657936,apollo31,Bowel
HCT15,PPP2R2A,12,8,1,0.002325643694552526,0.0021585935324556897,0.002268260474732622,0.27699364596693526,0.2745128694692794,apollo31,Bowel
HCT15,PRKRA,12,5,1,0.005467784919349171,0.0037837620248498067,0.00454217542938809,0.42366101859996125,0.40243818261166286,apollo31,Bowel
HCT15,RAB18,12,3,1,0.004622911721887951,0.0034257728563441264,0.0043356374935996445,-0.13501120030850577,-0.06972254828687433,apollo31,Bowel
HCT15,RAB7A,12,8,1,0.0026525768614358235,0.002357427351192454,0.0025237723036271482,0.4044128433904041,0.3805125735593216,apollo31,Bowel
HCT15,RAD51,10,10,0,0.005596298226510548,0.005596298226510548,0.005596298226510546,0.24644155115637562,0.24644155115637562,apollo31,Bowel
HCT15,RHOA,12,9,1,0.0037082816811360958,0.003506990802156873,0.003628906717371221,0.33164503075425916,0.33478829574199376,apollo31,Bowel
HCT15,RNF31,12,12,0,0.003612972630593027,0.003612972630593027,0.0036129726305930278,0.07210152778975959,0.07210152778975959,apollo31,Bowel
HCT15,SCYL1,12,7,1,0.006033083496273334,0.004746716404054776,0.0050871566380253684,0.013463211632987773,0.08244761873143062,apollo31,Bowel
HCT15,SDHB,12,3,1,0.003609959318929649,0.0033900213189685265,0.004060156773817056,0.19644383071591745,0.19613693574163185,apollo31,Bowel
HCT15,SEC23IP,12,8,1,0.003955182293469694,0.003178799403486135,0.0033962227602961858,0.4434952801027765,0.4400402606584048,apollo31,Bowel
HCT15,SLC20A1,12,12,0,0.004032157186776697,0.004032157186776697,0.004032157186776699,-0.08587219184977565,-0.08587219184977565,apollo31,Bowel
HCT15,SLC25A3,12,12,0,0.00598723884475398,0.00598723884475398,0.00598723884475398,-0.0767379474404766,-0.0767379474404766,apollo31,Bowel
HCT15,SLC39A10,12,11,1,0.010857632008175465,0.011130161818197632,0.011187192177232387,0.6862327178580033,0.6855916548240635,apollo31,Bowel
HCT15,SLC39A9,12,3,1,0.003490993058900954,0.0032365867228386766,0.0038131912308984432,0.18275215547761134,0.09241722309528032,apollo31,Bowel
HCT15,SMCHD1,12,3,1,0.007672429753510244,0.0029256374613498212,0.003714042550385096,-0.13165861768838194,-0.09393692602812298,apollo31,Bowel
HCT15,SMG6,12,12,0,0.008375081211150869,0.008375081211150869,0.008375081211150869,0.71068708198254,0.71068708198254,apollo31,Bowel
HCT15,SPRING1,12,5,1,0.004336756206305907,0.003073748607597836,0.0033817192470600574,-0.18726626773091395,-0.0812222577943241,apollo31,Bowel
HCT15,STEAP3,12,12,0,0.0032051049851178318,0.0032051049851178318,0.003205104985117833,0.007948903012889804,0.007948903012889804,apollo31,Bowel
HCT15,STXBP3,12,7,1,0.003680275311876105,0.0024670037321671973,0.002766361947928063,0.22776521879229425,0.2371973638416748,apollo31,Bowel
HCT15,SUZ12,12,9,1,0.0037025298389218005,0.0034362132930961147,0.0035440381742294505,0.21126407565478308,0.2636858200014826,apollo31,Bowel
HCT15,TFRC,12,12,0,0.009472797304499158,0.009472797304499158,0.009472797304499157,0.33414307860841896,0.33414307860841896,apollo31,Bowel
HCT15,TRAF2,12,12,0,0.004021970256722694,0.004021970256722694,0.004021970256722693,0.04714204079756581,0.04714204079756581,apollo31,Bowel
HCT15,TRAIP,11,6,1,0.006871904206464873,0.005561283440032639,0.005949031958529435,0.1744143616051108,0.2055798484878847,apollo31,Bowel
HCT15,TWNK,12,4,1,0.004095583151371387,0.003341978937018638,0.0038204234153990375,0.14500871366662074,0.2468270189877774,apollo31,Bowel
HCT15,TXN,12,5,1,0.0033197874452968817,0.0029624284994214036,0.003272859060605518,0.06574481723809676,0.11233529886082437,apollo31,Bowel
HCT15,TYMS,12,12,0,0.003481345819502913,0.003481345819502913,0.0034813458195029133,-0.06023746728985,-0.06023746728985,apollo31,Bowel
HCT15,UBA5,12,9,1,0.0024782668390787963,0.0023223121576512965,0.0023919949290302205,0.30851505772790305,0.3374636483316618,apollo31,Bowel
HCT15,UBE2C,12,5,1,0.005504560245563102,0.0035032191413738086,0.003879351537849704,-0.21029866335244235,-0.08146119911998702,apollo31,Bowel
HCT15,UBE2D3,10,6,1,0.005285910298993422,0.004203264777919806,0.00454495124778599,-0.03510803033408167,-0.0021563868646682616,apollo31,Bowel
HCT15,UBE2G2,12,12,0,0.002849965816169938,0.002849965816169938,0.002849965816169938,0.302090276288888,0.302090276288888,apollo31,Bowel
HCT15,UBE2H,12,7,1,0.004945005963235525,0.0038917454046199034,0.004130101983622399,0.024988419570577312,0.03980942352109037,apollo31,Bowel
HCT15,UBE2S,12,3,1,0.004482720662516814,0.0027647992589954038,0.0038447197250719256,0.10684600567701609,0.12137852515842248,apollo31,Bowel
HCT15,UBE3A,12,3,1,0.011824584198263086,0.004045773822001845,0.005212373264960463,-0.02098373347221993,0.008043545853504029,apollo31,Bowel
HCT15,UFL1,12,4,1,0.003037157493270294,0.0026616201875015767,0.003142672602416965,0.2856240622207356,0.28040220699520213,apollo31,Bowel
HCT15,USP37,10,3,1,0.010485826115534906,0.005409065066903204,0.0071154161821985465,-0.33498442890808255,-0.28043859935875476,apollo31,Bowel
HCT15,WDR48,12,12,0,0.00296672454054235,0.00296672454054235,0.0029667245405423505,0.05805308203861291,0.05805308203861291,apollo31,Bowel
HCT15,WDR89,12,12,0,0.00354180943055138,0.00354180943055138,0.0035418094305513796,0.12260815512441996,0.12260815512441996,apollo31,Bowel
HCT15,XRN1,12,12,0,0.006924161710451786,0.006924161710451786,0.0069241617104517875,0.6704129691808097,0.6704129691808097,apollo31,Bowel
HCT15,YTHDF2,12,12,0,0.002934624354979017,0.002934624354979017,0.0029346243549790165,0.39039302833380624,0.39039302833380624,apollo31,Bowel
HKGZCC,ADAR,14,12,1,0.004377033899175379,0.003794373197763277,0.003886250912946873,0.3878919627642323,0.3820140578339975,apollo38,Biliary Tract
HKGZCC,ADAT2,15,15,0,0.0009935979042599422,0.0009935979042599422,0.000993597904259942,0.14652895870114482,0.14652895870114482,apollo38,Biliary Tract
HKGZCC,AP2M1,15,8,1,0.0024269667420927193,0.002173692612575973,0.0024149710392517435,0.4760662431000636,0.5261254832351877,apollo38,Biliary Tract
HKGZCC,ATF4,15,7,1,0.0027956012929868435,0.0026061611480484082,0.002877439459974018,0.25936066203602365,0.21572913225416365,apollo38,Biliary Tract
HKGZCC,ATP5PO,15,9,1,0.0025459050411545427,0.0029708715494071477,0.003110564745295483,0.5173057900396303,0.4462848190141859,apollo38,Biliary Tract
HKGZCC,BCL2L2,15,15,0,0.001327951735088986,0.001327951735088986,0.0013279517350889857,0.010066247475774984,0.010066247475774984,apollo38,Biliary Tract
HKGZCC,BRD4,15,15,0,0.010492943284364915,0.010492943284364915,0.010492943284364916,0.6733413588229515,0.6733413588229515,apollo38,Biliary Tract
HKGZCC,C3orf38,15,4,1,0.001665945682397088,0.001410268134820555,0.002111290895945452,0.25013038277170496,0.15846410195979388,apollo38,Biliary Tract
HKGZCC,CAB39,15,12,1,0.0019750003941991848,0.0019252666186835518,0.001994894331055773,0.5990666571149347,0.6054282356529841,apollo38,Biliary Tract
HKGZCC,CCDC51,15,6,1,0.0038244511705543245,0.0037265103072654233,0.004188272158203055,0.532567254806023,0.470159847992111,apollo38,Biliary Tract
HKGZCC,CCNE1,15,3,1,0.0028057520986591042,0.0024939778238857427,0.0035480037872839027,0.23992920796553846,0.25250950103194536,apollo38,Biliary Tract
HKGZCC,CD46,15,15,0,0.0015722367436503215,0.0015722367436503215,0.001572236743650322,0.09738525136698191,0.09738525136698191,apollo38,Biliary Tract
HKGZCC,CDK4,15,15,0,0.0017615492138971561,0.0017615492138971561,0.0017615492138971555,0.1939278354592145,0.1939278354592145,apollo38,Biliary Tract
HKGZCC,CLPB,15,13,1,0.0016521713564001687,0.0016476254435787087,0.0016815697114084941,0.49360539792583474,0.4778531926041646,apollo38,Biliary Tract
HKGZCC,COX5B,15,8,1,0.002322350870594939,0.0016433669557885723,0.001815021004167377,0.07051844384702237,0.1888670973371181,apollo38,Biliary Tract
HKGZCC,DCLRE1B,15,7,1,0.002076442546055823,0.0017660288349817378,0.00197183949675103,0.17078106509824018,0.2334332221073842,apollo38,Biliary Tract
HKGZCC,DNAJC13,15,5,1,0.003475919829020764,0.0032492917724399927,0.0036551630481435754,0.2245012621740439,0.19575695651587535,apollo38,Biliary Tract
HKGZCC,EEFSEC,15,9,1,0.001853869057610379,0.0013776661141565345,0.0015128480046524473,0.2151536478038238,0.2998677625336084,apollo38,Biliary Tract
HKGZCC,FBXO7,15,5,1,0.0017359876958198252,0.0015095760382970805,0.0018553708056215385,0.17868767770210048,0.18868370584300997,apollo38,Biliary Tract
HKGZCC,GET4,15,15,0,0.0013100679498526913,0.0013100679498526913,0.0013100679498526916,0.09188218887905959,0.09188218887905959,apollo38,Biliary Tract
HKGZCC,GPX4,14,7,1,0.002417859865690619,0.0015141823408111397,0.001804943072041243,0.026164521176445958,0.04529933078161949,apollo38,Biliary Tract
HKGZCC,HDAC3,15,15,0,0.0037412048427638623,0.0037412048427638623,0.0037412048427638627,0.5137338692656773,0.5137338692656773,apollo38,Biliary Tract
HKGZCC,IBA57,15,15,0,0.0012488429887206926,0.0012488429887206926,0.0012488429887206921,0.08306471592713742,0.08306471592713742,apollo38,Biliary Tract
HKGZCC,IER3IP1,15,3,1,0.0033169633824755326,0.002737582001894947,0.0035596163133341037,0.15411646789743766,0.14340583141130367,apollo38,Biliary Tract
HKGZCC,KCTD5,15,6,1,0.0020847565560788263,0.0015417986291713013,0.001857440342375486,0.32011436609487337,0.2864500097869564,apollo38,Biliary Tract
HKGZCC,KIF2C,15,10,1,0.0018014859028742326,0.001607772441497267,0.001742647733302487,0.19167915765176372,0.1834051740300392,apollo38,Biliary Tract
HKGZCC,LRP8,15,9,1,0.002603526698282975,0.0020627876757012024,0.002206635821116004,-0.006811204322624269,0.026602264182273787,apollo38,Biliary Tract
HKGZCC,MAPK1,15,6,1,0.002056513865039343,0.0017868061444835095,0.0020627122961342603,0.31789109773946783,0.4033533482874626,apollo38,Biliary Tract
HKGZCC,MDM2,12,3,1,0.0029974710036050674,0.0020495151761719746,0.0027433326720995082,-0.09122335390784449,-0.0427147767433015,apollo38,Biliary Tract
HKGZCC,METAP1,15,5,1,0.0019317116035349362,0.0018716033719954513,0.0023832732993407137,0.4252180517651124,0.35813438652468027,apollo38,Biliary Tract
HKGZCC,METTL1,15,6,1,0.0014645539629230936,0.0012606871421069902,0.0015178314595979839,0.3123879486584461,0.32695516140660497,apollo38,Biliary Tract
HKGZCC,MIB1,15,15,0,0.0028321424697703343,0.0028321424697703343,0.0028321424697703343,0.1589757228353825,0.1589757228353825,apollo38,Biliary Tract
HKGZCC,MIPEP,15,6,1,0.0011123791262134504,0.0008963344280015786,0.00108021738423564,0.15718409743715675,0.19301563067996438,apollo38,Biliary Tract
HKGZCC,MTOR,15,15,0,0.00529424403827028,0.00529424403827028,0.00529424403827028,0.7031143551408437,0.7031143551408437,apollo38,Biliary Tract
HKGZCC,MTPAP,15,15,0,0.005804751286895255,0.005804751286895255,0.005804751286895254,0.9461305862194987,0.9461305862194987,apollo38,Biliary Tract
HKGZCC,MYC,14,14,0,0.0459521901013842,0.0459521901013842,0.04595219010138419,0.8522576335076595,0.8522576335076595,apollo38,Biliary Tract
HKGZCC,N6AMT1,15,7,1,0.0022769945429174762,0.001453814966865377,0.0016790555011321996,0.001337630452461698,0.0625658561635748,apollo38,Biliary Tract
HKGZCC,NFKB1,15,15,0,0.0012442065954713657,0.0012442065954713657,0.0012442065954713657,0.15542101670144776,0.15542101670144776,apollo38,Biliary Tract
HKGZCC,NHLRC2,15,15,0,0.001566276356362917,0.001566276356362917,0.0015662763563629167,-0.06918198832855835,-0.06918198832855835,apollo38,Biliary Tract
HKGZCC,NRBP1,14,13,1,0.005674004103738814,0.005673583025868727,0.005707993870614633,0.6343629138766567,0.635094905878213,apollo38,Biliary Tract
HKGZCC,PIK3CA,15,8,1,0.002646949100642417,0.0027005729145866426,0.0029033712563954713,0.4950375333586729,0.46144588197927794,apollo38,Biliary Tract
HKGZCC,PITRM1,15,3,1,0.0016354898107767885,0.0013197133209666243,0.001979164485602675,0.2843751471305617,0.24785772122402558,apollo38,Biliary Tract
HKGZCC,PKMYT1,14,12,1,0.003935280490526096,0.0038305651419343837,0.003877112387372632,0.2406844838532816,0.25006908283957424,apollo38,Biliary Tract
HKGZCC,POLR2D,11,11,0,0.01304401164351089,0.01304401164351089,0.013044011643510888,0.7206813643228979,0.7206813643228979,apollo38,Biliary Tract
HKGZCC,PPIL1,15,4,1,0.0029201429407197266,0.002465365771331211,0.003026250231032703,0.16311247761687495,0.24556989895090006,apollo38,Biliary Tract
HKGZCC,PPP2R2A,15,9,1,0.00332863517525182,0.0032820429912402264,0.0033861630723362756,0.37030930245551397,0.3922224495640531,apollo38,Biliary Tract
HKGZCC,PRKRA,15,7,1,0.003873032993983396,0.004477584958958838,0.0049185532513351575,0.5466549580435904,0.4827649740325332,apollo38,Biliary Tract
HKGZCC,RAB18,15,3,1,0.004625350526782553,0.00268297364706161,0.003564763336107773,-0.00516251997682152,0.21952197734818243,apollo38,Biliary Tract
HKGZCC,RAB7A,15,12,1,0.005203609647784744,0.005490818447369897,0.005541228567691553,0.5865464908377019,0.569005068764834,apollo38,Biliary Tract
HKGZCC,RAD51,13,11,1,0.008303233236797996,0.008062381093900242,0.008157891731762668,0.34881908255254124,0.35687644500385085,apollo38,Biliary Tract
HKGZCC,RHOA,15,12,1,0.0018406984323343257,0.0017378213180183051,0.001812267092481254,0.4604901047025462,0.4553749251595367,apollo38,Biliary Tract
HKGZCC,RNF31,15,3,1,0.0034964909482283675,0.0014775326713888158,0.0022783618283394886,0.0020028142948077723,0.09051512659552177,apollo38,Biliary Tract
HKGZCC,SCYL1,15,8,1,0.02473366060259231,0.023783872106745634,0.02398604661962856,0.06350492570407322,0.1764307857655549,apollo38,Biliary Tract
HKGZCC,SDHB,15,7,1,0.0019738859765888947,0.001947200372300232,0.0021521939492693026,0.31883688468432264,0.3034661035195932,apollo38,Biliary Tract
HKGZCC,SEC23IP,15,9,1,0.004161483726674628,0.0025045419964438384,0.0027292775221409975,0.2004828862277399,0.25892064919016783,apollo38,Biliary Tract
HKGZCC,SLC20A1,15,15,0,0.001392956547343677,0.001392956547343677,0.0013929565473436774,0.057880135432317834,0.057880135432317834,apollo38,Biliary Tract
HKGZCC,SLC25A3,15,15,0,0.0028950385058321574,0.0028950385058321574,0.002895038505832157,0.18670511115366256,0.18670511115366256,apollo38,Biliary Tract
HKGZCC,SLC39A10,15,13,1,0.0032161542138876746,0.002631285211540426,0.0027188136980346254,0.56521787257108,0.5846423607314425,apollo38,Biliary Tract
HKGZCC,SLC39A9,15,6,1,0.0019335776828503257,0.001443770771716673,0.0016688813745568605,-0.10078286231840855,-0.12013179964929897,apollo38,Biliary Tract
HKGZCC,SMCHD1,15,6,1,0.002294295379119288,0.0012065461210674605,0.0015101543890464835,0.006111206322423501,0.03888482372193126,apollo38,Biliary Tract
HKGZCC,SMG6,15,15,0,0.013935241157930024,0.013935241157930024,0.013935241157930019,0.7391199241347878,0.7391199241347878,apollo38,Biliary Tract
HKGZCC,SPRING1,15,5,1,0.0018909728939496362,0.0010604796183134768,0.0014219336058994062,0.2205100170859788,0.1854441360618461,apollo38,Biliary Tract
HKGZCC,STEAP3,15,15,0,0.0021192122162719037,0.0021192122162719037,0.0021192122162719046,0.12116697812178047,0.12116697812178047,apollo38,Biliary Tract
HKGZCC,STXBP3,15,10,1,0.018917076491999,0.020769734022269882,0.02088929724032277,0.5355455361835948,0.43660863417146484,apollo38,Biliary Tract
HKGZCC,SUZ12,15,11,1,0.002006017100175864,0.002007627425561351,0.0020969578249976895,0.43919811573526313,0.4234345254784105,apollo38,Biliary Tract
HKGZCC,TFRC,15,6,1,0.0046408244596776085,0.0038295420011874737,0.0044330300018029616,0.22339016030938919,0.26237765538410124,apollo38,Biliary Tract
HKGZCC,TRAF2,15,15,0,0.006124615770257016,0.006124615770257016,0.006124615770257016,0.14637832869510584,0.14637832869510584,apollo38,Biliary Tract
HKGZCC,TRAIP,14,9,1,0.003925742939729741,0.0036917241030037878,0.003887011077580376,0.3203991765668905,0.32367969796640983,apollo38,Biliary Tract
HKGZCC,TWNK,15,6,1,0.0018292812365479638,0.001723530574589118,0.001987004277103428,0.34372658338697615,0.31223774079717354,apollo38,Biliary Tract
HKGZCC,TXN,15,4,1,0.0020860202349739557,0.0015825949750259156,0.002073747711620583,0.23919581383537578,0.2968587846327286,apollo38,Biliary Tract
HKGZCC,TYMS,15,15,0,0.00200649576824737,0.00200649576824737,0.0020064957682473694,0.23949352765914,0.23949352765914,apollo38,Biliary Tract
HKGZCC,UBA5,15,13,1,0.0015070763130092563,0.0013847284225279538,0.0014084156859429417,0.43544606270689856,0.46426920033419716,apollo38,Biliary Tract
HKGZCC,UBE2C,15,4,1,0.002360670574102057,0.0016590189628708691,0.002212584716453763,0.3161836846552256,0.3830044369035255,apollo38,Biliary Tract
HKGZCC,UBE2D3,13,8,1,0.004733519504823101,0.004269820900151987,0.004499991827660528,0.2911845466913698,0.33335285823268906,apollo38,Biliary Tract
HKGZCC,UBE2G2,15,3,1,0.001944394649739581,0.0013304648875172118,0.002005514739892358,0.3343621967987439,0.30663458980393854,apollo38,Biliary Tract
HKGZCC,UBE2H,15,9,1,0.0036629590275530774,0.0035936249069040468,0.0037622033492877294,0.44758364062310513,0.4453567672089025,apollo38,Biliary Tract
HKGZCC,UBE2S,15,4,1,0.002968124947366261,0.0021879343031072974,0.0028920214502277763,0.244190842821136,0.13693235831181072,apollo38,Biliary Tract
HKGZCC,UBE3A,15,3,1,0.007253111673293199,0.0014151511137182396,0.002566106195039594,0.2706532406007157,0.27767326999866526,apollo38,Biliary Tract
HKGZCC,UFL1,15,6,1,0.0016652577075404445,0.0013652185870797924,0.001650329896089903,0.32693467356357686,0.36277181472675657,apollo38,Biliary Tract
HKGZCC,USP37,13,13,0,0.008556852188746135,0.008556852188746135,0.008556852188746135,0.16595166580455803,0.16595166580455803,apollo38,Biliary Tract
HKGZCC,WDR48,15,15,0,0.0032232289969921072,0.0032232289969921072,0.003223228996992108,0.029371065001024307,0.029371065001024307,apollo38,Biliary Tract
HKGZCC,WDR89,15,15,0,0.003016249591019662,0.003016249591019662,0.003016249591019662,0.08709317923266571,0.08709317923266571,apollo38,Biliary Tract
HKGZCC,XRN1,15,15,0,0.003348245357528297,0.003348245357528297,0.003348245357528298,0.7588009961925496,0.7588009961925496,apollo38,Biliary Tract
HKGZCC,YTHDF2,15,15,0,0.0019517203412737292,0.0019517203412737292,0.0019517203412737288,0.3629122873833378,0.3629122873833378,apollo38,Biliary Tract
JVE127,ADAR,12,12,0,0.006077918318861632,0.006077918318861632,0.006077918318861631,0.0028212384129094495,0.0028212384129094495,apollo34,Bowel
JVE127,ADAT2,12,12,0,0.001961359186295288,0.001961359186295288,0.001961359186295288,0.05869235959505192,0.05869235959505192,apollo34,Bowel
JVE127,AP2M1,12,4,1,0.004610389226212586,0.0038570886477146604,0.004558296181878349,0.2698110692807445,0.28850524972267017,apollo34,Bowel
JVE127,ATF4,12,7,1,0.003981115927945261,0.0035713117139704238,0.003792829149777363,0.056440307140659916,0.07899879103775236,apollo34,Bowel
JVE127,ATP5PO,12,7,1,0.0037076521380874057,0.0024867125245208715,0.0026954917702515955,0.07592072569023157,0.10739285271524575,apollo34,Bowel
JVE127,BCL2L2,12,12,0,0.002514579912640932,0.002514579912640932,0.002514579912640931,0.05005608012035514,0.05005608012035514,apollo34,Bowel
JVE127,BRD4,12,12,0,0.010405941484135693,0.010405941484135693,0.010405941484135695,0.4151586100076743,0.4151586100076743,apollo34,Bowel
JVE127,C3orf38,12,5,1,0.002500637060049123,0.0021408413422113154,0.0026243167628215982,0.21023228462577967,0.16872332747278887,apollo34,Bowel
JVE127,CAB39,12,10,1,0.0030469615745659434,0.00292636933077017,0.0029961311454847444,0.35897878560876245,0.3346804463021167,apollo34,Bowel
JVE127,CCDC51,12,3,1,0.006440678135180435,0.0032080343626910658,0.004350317057717896,0.1509528257860751,0.13691378046930647,apollo34,Bowel
JVE127,CCNE1,12,3,1,0.0030274227080347325,0.0027302775033323187,0.003869562814040262,0.14721465613431892,0.1691406056229197,apollo34,Bowel
JVE127,CD46,12,12,0,0.002361718381622006,0.002361718381622006,0.0023617183816220066,0.06650553547296709,0.06650553547296709,apollo34,Bowel
JVE127,CDK4,12,12,0,0.007752086346062056,0.007752086346062056,0.007752086346062058,0.09890314060708727,0.09890314060708727,apollo34,Bowel
JVE127,CLPB,12,11,1,0.0027089498802305443,0.002566936612527648,0.002594748404411223,0.07257915589633304,0.0727092132665976,apollo34,Bowel
JVE127,COX5B,12,8,1,0.0033235349504630762,0.0029513786953632177,0.0030688597706552035,0.10449778464330335,0.08846748804595095,apollo34,Bowel
JVE127,DCLRE1B,12,5,1,0.003162541824030468,0.0026521073755660734,0.0029780174420860357,0.08908973765622755,0.1736863515853993,apollo34,Bowel
JVE127,DNAJC13,12,6,1,0.0036793772871776356,0.003141522717500467,0.0034093473874941375,0.017617951103382982,0.03656663960469709,apollo34,Bowel
JVE127,EEFSEC,12,10,1,0.002954674406679681,0.0028009212204635776,0.0028504397179329307,0.02324596866267256,0.03231003653245878,apollo34,Bowel
JVE127,FBXO7,12,12,0,0.001990820752835158,0.001990820752835158,0.0019908207528351587,0.08512765469721438,0.08512765469721438,apollo34,Bowel
JVE127,GET4,12,12,0,0.0021675620227293844,0.0021675620227293844,0.002167562022729385,0.027320451304215863,0.027320451304215863,apollo34,Bowel
JVE127,GPX4,11,7,1,0.004505174396383435,0.0033554903646903222,0.0035545180855645654,-0.18757714141486978,-0.15181467281213906,apollo34,Bowel
JVE127,HDAC3,12,12,0,0.005437557614320227,0.005437557614320227,0.005437557614320228,0.2765741792288853,0.2765741792288853,apollo34,Bowel
JVE127,IBA57,12,12,0,0.002394534093204897,0.002394534093204897,0.002394534093204898,0.05465385491313776,0.05465385491313776,apollo34,Bowel
JVE127,IER3IP1,12,12,0,0.0024318027106793156,0.0024318027106793156,0.0024318027106793156,0.14740924377524992,0.14740924377524992,apollo34,Bowel
JVE127,KCTD5,12,5,1,0.003856122516699029,0.0026229174817534178,0.0030019701576095054,-0.04247003664061222,0.013047692737906635,apollo34,Bowel
JVE127,KIF2C,12,6,1,0.00319350763164688,0.0028470745475963504,0.003207210481712167,0.1597597411325012,0.1631687233610414,apollo34,Bowel
JVE127,LRP8,12,6,1,0.003147758280525967,0.002747925614624374,0.003020819413263234,0.14849251323423207,0.1276831050748189,apollo34,Bowel
JVE127,MAD2L1,6,6,0,0.00931642807528564,0.00931642807528564,0.009316428075285639,0.2638614321263079,0.2638614321263079,apollo34,Bowel
JVE127,MAPK1,12,5,1,0.003009458196645145,0.0027729385288184855,0.0030809311141251176,0.10988415708714777,0.09127943570345859,apollo34,Bowel
JVE127,MDM2,9,9,0,0.0024020026386561955,0.0024020026386561955,0.0024020026386561955,0.07626972020020162,0.07626972020020162,apollo34,Bowel
JVE127,METAP1,12,6,1,0.0034533603142940157,0.0030867720273146542,0.0034192318981295625,0.12841281081495562,0.14460723209301843,apollo34,Bowel
JVE127,METTL1,12,5,1,0.0029525359555676142,0.0025236469789413417,0.0028178429512393716,0.12503285623576682,0.13259222548327945,apollo34,Bowel
JVE127,MIB1,12,12,0,0.002773024953770113,0.002773024953770113,0.0027730249537701126,0.02124874985783474,0.02124874985783474,apollo34,Bowel
JVE127,MIPEP,12,5,1,0.002164861456364165,0.001910908106207757,0.002126781160279434,0.18475616270322484,0.1802280379570743,apollo34,Bowel
JVE127,MTOR,12,12,0,0.0045142319086661775,0.0045142319086661775,0.0045142319086661775,0.5428460089994923,0.5428460089994923,apollo34,Bowel
JVE127,MTPAP,12,12,0,0.006148265260044185,0.006148265260044185,0.006148265260044182,0.6774376176750414,0.6774376176750414,apollo34,Bowel
JVE127,MYC,11,11,0,0.017730951630240323,0.017730951630240323,0.017730951630240323,0.6456830194297373,0.6456830194297373,apollo34,Bowel
JVE127,N6AMT1,12,3,1,0.0036344946780345086,0.002778683055342755,0.0035388683635467996,0.14980734152112743,0.1421262012264775,apollo34,Bowel
JVE127,NFKB1,12,12,0,0.0018321628493605732,0.0018321628493605732,0.0018321628493605732,0.07012910235324049,0.07012910235324049,apollo34,Bowel
JVE127,NHLRC2,12,12,0,0.002193211162529506,0.002193211162529506,0.002193211162529505,0.05966238387645153,0.05966238387645153,apollo34,Bowel
JVE127,NRBP1,11,11,0,0.00769459280807375,0.00769459280807375,0.007694592808073748,0.12245626103914445,0.12245626103914445,apollo34,Bowel
JVE127,PIK3CA,12,6,1,0.00340504820573802,0.0026454807757569786,0.0029530895317797868,0.28791451830179465,0.2962953545396757,apollo34,Bowel
JVE127,PITRM1,12,4,1,0.0029338107617881176,0.002324392833012431,0.0027532293731332954,-0.06324012053130136,-0.02591482538661208,apollo34,Bowel
JVE127,PKMYT1,11,10,1,0.0036098234506057843,0.003494366965991456,0.0035281110283659884,0.13852706128329084,0.15608924627012838,apollo34,Bowel
JVE127,POLR2D,8,8,0,0.010643648181162311,0.010643648181162311,0.010643648181162313,0.5630445364272633,0.5630445364272633,apollo34,Bowel
JVE127,PPIL1,12,3,1,0.0031452936639533523,0.002730167430177299,0.0035009477194669937,0.05431016605756701,0.04631744992379745,apollo34,Bowel
JVE127,PPP2R2A,12,8,1,0.0024280150436776127,0.002224381769008927,0.002328096454610621,0.028529379531640114,0.03250298712784329,apollo34,Bowel
JVE127,PRKRA,12,6,1,0.005366551713303503,0.004432754953226924,0.004805448487226867,-0.03905443327561751,-0.05469846288339223,apollo34,Bowel
JVE127,RAB18,12,12,0,0.004127367423869749,0.004127367423869749,0.00412736742386975,0.21133205630985347,0.21133205630985347,apollo34,Bowel
JVE127,RAB7A,12,11,1,0.0033156484085379977,0.0031816727358379513,0.003211863062290172,0.06867961777239398,0.06873499126336685,apollo34,Bowel
JVE127,RAD51,10,9,1,0.005262497532637759,0.004853868875758227,0.004935791299821677,0.20536524976208848,0.20439074443074542,apollo34,Bowel
JVE127,RHOA,12,10,1,0.004069040753934727,0.003963204511528666,0.004038214845599125,0.20238864209624075,0.1808292149438828,apollo34,Bowel
JVE127,RNF31,12,12,0,0.0025073080385829135,0.0025073080385829135,0.002507308038582914,-0.035310843381659865,-0.035310843381659865,apollo34,Bowel
JVE127,SCYL1,12,5,1,0.005139557777550866,0.004365172637200341,0.005018876092709606,-0.07630393793661079,0.08143062775333658,apollo34,Bowel
JVE127,SDHB,12,5,1,0.0031303515008382875,0.002870103979437801,0.003203763660697012,0.1602754966147789,0.12771695324703272,apollo34,Bowel
JVE127,SEC23IP,12,8,1,0.0048440567519027694,0.003802225385929071,0.004013385630185214,0.08436301233794181,0.042503503960961156,apollo34,Bowel
JVE127,SLC20A1,12,12,0,0.003379706264890846,0.003379706264890846,0.003379706264890847,0.04738688142734807,0.04738688142734807,apollo34,Bowel
JVE127,SLC25A3,12,12,0,0.003516932017650162,0.003516932017650162,0.0035169320176501612,0.08590116138294814,0.08590116138294814,apollo34,Bowel
JVE127,SLC39A10,12,12,0,0.0074976758904184825,0.0074976758904184825,0.007497675890418484,0.4024474268895034,0.4024474268895034,apollo34,Bowel
JVE127,SLC39A9,12,6,1,0.003604403203613161,0.002823745781304536,0.0030052143136105785,-0.19376748289172602,-0.15100279372419703,apollo34,Bowel
JVE127,SMCHD1,12,6,1,0.00347808188067822,0.0022691340337556033,0.0025191922270636205,0.13860140329976142,0.13402761429533727,apollo34,Bowel
JVE127,SMG6,12,12,0,0.006355583434195006,0.006355583434195006,0.0063555834341950095,0.5609093631652782,0.5609093631652782,apollo34,Bowel
JVE127,SPRING1,12,7,1,0.0035144435675142907,0.0026342776013484367,0.0027878355016927275,-0.21570348059829564,-0.10941794452880574,apollo34,Bowel
JVE127,STEAP3,12,12,0,0.0029497673377801162,0.0029497673377801162,0.002949767337780116,0.11233951792386138,0.11233951792386138,apollo34,Bowel
JVE127,STXBP3,12,7,1,0.0041145868607891135,0.002726454666069327,0.003031260638438171,0.20429726194716336,0.19630782501155608,apollo34,Bowel
JVE127,SUZ12,12,10,1,0.003626143484052809,0.0035793866522096604,0.0036454175915118874,0.1332425951843916,0.13174332771229602,apollo34,Bowel
JVE127,TFRC,12,5,1,0.007251871463868806,0.006201592758554929,0.0069971235179063914,0.07850985125768384,0.08301413434837415,apollo34,Bowel
JVE127,TOP2A,4,4,0,0.014849262225091552,0.014849262225091552,0.014849262225091555,0.17346485146993024,0.17346485146993024,apollo34,Bowel
JVE127,TRAF2,12,12,0,0.0030476034079625577,0.0030476034079625577,0.0030476034079625573,0.08131806552478688,0.08131806552478688,apollo34,Bowel
JVE127,TRAIP,11,7,1,0.0037564119997470567,0.0029898162443085644,0.003242916276156951,0.07007608284233276,0.04721527191269273,apollo34,Bowel
JVE127,TWNK,12,7,1,0.0027813663929884386,0.0024894140708248535,0.002641966836244584,0.04628052928997432,0.09409755146711238,apollo34,Bowel
JVE127,TXN,12,3,1,0.002547164751927603,0.002274772459342575,0.00296242784033768,0.05829467113032276,0.04349920620615306,apollo34,Bowel
JVE127,TYMS,12,12,0,0.005842562274120172,0.005842562274120172,0.005842562274120171,0.27293177808749525,0.27293177808749525,apollo34,Bowel
JVE127,UBA5,12,12,0,0.0020102821189810923,0.0020102821189810923,0.002010282118981092,0.13030607104792302,0.13030607104792302,apollo34,Bowel
JVE127,UBE2C,12,6,1,0.0036303920036795238,0.002777362321325646,0.0030364421961450805,0.064593451456442,0.09331190407722016,apollo34,Bowel
JVE127,UBE2D3,10,7,1,0.003533972260902316,0.003051762225370037,0.0032695659853544247,0.18111561742704083,0.17886479759630014,apollo34,Bowel
JVE127,UBE2G2,12,3,1,0.0033275193058704515,0.0026991686679745247,0.0033242601253794675,0.11431906690550495,0.09121941915805451,apollo34,Bowel
JVE127,UBE2H,12,9,1,0.004267416025401233,0.003797977458669776,0.00389894254046878,0.13622346322322013,0.1305333072302657,apollo34,Bowel
JVE127,UBE2S,12,3,1,0.005386945683158889,0.0041115108885871905,0.005081866773295099,0.06032080534476305,0.044708544978669315,apollo34,Bowel
JVE127,UBE3A,12,4,1,0.007051465782472997,0.002455302381967185,0.003280195124837676,-0.04682716075692167,0.013732779591559057,apollo34,Bowel
JVE127,UFL1,12,3,1,0.002606652660732995,0.002297772731746824,0.0030230428036306226,0.1432754498400558,0.1159810384334448,apollo34,Bowel
JVE127,USP37,10,10,0,0.003501328447876246,0.003501328447876246,0.0035013284478762462,0.09081134205032633,0.09081134205032633,apollo34,Bowel
JVE127,WDR48,12,12,0,0.0033538299102969333,0.0033538299102969333,0.0033538299102969325,0.025964266988777615,0.025964266988777615,apollo34,Bowel
JVE127,WDR89,12,12,0,0.0032878564641066472,0.0032878564641066472,0.003287856464106647,-0.01171178237573606,-0.01171178237573606,apollo34,Bowel
JVE127,XRN1,12,12,0,0.004559151746692329,0.004559151746692329,0.0045591517466923295,0.4151395205179445,0.4151395205179445,apollo34,Bowel
JVE127,YTHDF2,12,12,0,0.0029759070853849503,0.0029759070853849503,0.0029759070853849494,0.22176020464987342,0.22176020464987342,apollo34,Bowel
KMRC20,ADAR,12,10,1,0.004528523514038047,0.003904845000612975,0.004039619567779314,0.5648832225906648,0.5688591357226067,apollo35,Kidney
KMRC20,ADAT2,13,13,0,0.0015528042544910741,0.0015528042544910741,0.0015528042544910743,0.17249999615931358,0.17249999615931358,apollo35,Kidney
KMRC20,AP2M1,13,10,1,0.0037697383201618397,0.003375288043218084,0.0034682440639002728,0.109017736513963,0.13483277049746395,apollo35,Kidney
KMRC20,ATF4,13,9,1,0.004058493794833296,0.0037878453892883843,0.0039038530390581565,0.12322431607488106,0.15605021751320802,apollo35,Kidney
KMRC20,ATP5PO,13,9,1,0.003985239311413494,0.0035664958731962625,0.0036753120599917867,0.23789587644053445,0.2522844961606903,apollo35,Kidney
KMRC20,BCL2L2,13,3,1,0.0036633562899110687,0.002773079803181467,0.003372033901474497,0.05919962005825281,0.07374484452566447,apollo35,Kidney
KMRC20,BRD4,13,13,0,0.010633111493296562,0.010633111493296562,0.010633111493296562,0.6401505111173139,0.6401505111173139,apollo35,Kidney
KMRC20,C3orf38,13,13,0,0.002357738820522814,0.002357738820522814,0.002357738820522814,0.13430191709925218,0.13430191709925218,apollo35,Kidney
KMRC20,CAB39,13,11,1,0.0024253701479501275,0.0022818193712613693,0.002340476370207352,0.4646284057608781,0.4716013206225655,apollo35,Kidney
KMRC20,CCDC51,13,5,1,0.007218102698895622,0.004955725975887055,0.0055446875871728385,0.13692095875131657,0.15838149774972712,apollo35,Kidney
KMRC20,CCNE1,13,4,1,0.003374448388759131,0.0029730341025319563,0.0034439477039675363,0.15631688322855103,0.1869540694806723,apollo35,Kidney
KMRC20,CD46,13,13,0,0.002197219411895383,0.002197219411895383,0.0021972194118953826,0.036446643914981265,0.036446643914981265,apollo35,Kidney
KMRC20,CDK4,13,13,0,0.0022994825637782847,0.0022994825637782847,0.0022994825637782856,0.20826577038634214,0.20826577038634214,apollo35,Kidney
KMRC20,CLPB,13,12,1,0.003342564572488474,0.0032764414319184443,0.003296876957136193,0.15866284423870114,0.15930486247223383,apollo35,Kidney
KMRC20,COX5B,13,8,1,0.002936706514213232,0.0027371389869328775,0.0028783605517735305,0.2909739127234283,0.32029398960606875,apollo35,Kidney
KMRC20,DCLRE1B,13,7,1,0.002824072427737177,0.0026428872435962317,0.0028273211589225733,0.18794743558219829,0.21629225576511735,apollo35,Kidney
KMRC20,DNAJC13,13,7,1,0.004590186567656336,0.004190796196186631,0.004382106486904261,0.10409399071259405,0.11508870777569206,apollo35,Kidney
KMRC20,EEFSEC,13,9,1,0.0032421045801844244,0.002873514285869212,0.0029718991518421192,0.1307055071577905,0.1909945208180657,apollo35,Kidney
KMRC20,FBXO7,13,3,1,0.002559405892523605,0.0022424058858689978,0.002891216876701089,0.19640643940308275,0.22485880768977232,apollo35,Kidney
KMRC20,GET4,13,13,0,0.004347403763140768,0.004347403763140768,0.004347403763140766,0.2716233734874629,0.2716233734874629,apollo35,Kidney
KMRC20,GPX4,12,3,1,0.006430398283230297,0.0049950342722019534,0.005980101431875489,0.21291889362506455,0.19230788256069925,apollo35,Kidney
KMRC20,HDAC3,13,13,0,0.008159971296547124,0.008159971296547124,0.008159971296547124,0.3564214625191162,0.3564214625191162,apollo35,Kidney
KMRC20,IBA57,13,13,0,0.0024733058649249857,0.0024733058649249857,0.0024733058649249857,0.03447930044578507,0.03447930044578507,apollo35,Kidney
KMRC20,IER3IP1,13,4,1,0.0055659485847973245,0.0023223835457449643,0.00290525499153692,-0.1324688885165187,-0.025585379481392456,apollo35,Kidney
KMRC20,KCTD5,13,4,1,0.0035829705725897664,0.003090481788035931,0.003645482040843427,0.14229836250417063,0.14276464942822947,apollo35,Kidney
KMRC20,KIF2C,13,6,1,0.0036452654436354742,0.003405643907972197,0.0037469274554356754,0.20394629648344548,0.2534760466711732,apollo35,Kidney
KMRC20,LRP8,13,8,1,0.003283828768801334,0.0032508792391947334,0.0034009125622650486,0.4144904593171759,0.41730809591598833,apollo35,Kidney
KMRC20,MAD2L1,7,7,0,0.006181892202132569,0.006181892202132569,0.00618189220213257,0.26825815528435265,0.26825815528435265,apollo35,Kidney
KMRC20,MAPK1,13,6,1,0.002203717792115757,0.0020308962075378367,0.002284253151045966,0.21913528989227438,0.22946537379049536,apollo35,Kidney
KMRC20,MDM2,11,3,1,0.003778476029163763,0.003190493709843688,0.003853374795022792,0.1433424408719325,0.19995303237660367,apollo35,Kidney
KMRC20,METAP1,13,5,1,0.0061260633404733875,0.005497358307320143,0.005898943399449998,0.04949099052223994,0.06844805279944144,apollo35,Kidney
KMRC20,METTL1,13,6,1,0.002540994647651121,0.0023522667524008504,0.0025740496282707502,0.3147589824787922,0.3453122100841308,apollo35,Kidney
KMRC20,MIB1,13,13,0,0.00376259082448169,0.00376259082448169,0.0037625908244816896,0.22699282424553033,0.22699282424553033,apollo35,Kidney
KMRC20,MIPEP,13,4,1,0.001756825254468708,0.0015394338336154978,0.0018529988014049394,0.12646976340327526,0.15669310395650424,apollo35,Kidney
KMRC20,MTOR,13,13,0,0.0074472121223754,0.0074472121223754,0.007447212122375397,0.7068148763658464,0.7068148763658464,apollo35,Kidney
KMRC20,MTPAP,13,13,0,0.0042046802298238446,0.0042046802298238446,0.004204680229823845,0.8040261580541209,0.8040261580541209,apollo35,Kidney
KMRC20,MYC,12,12,0,0.010352863311509081,0.010352863311509081,0.010352863311509083,0.7354175201890271,0.7354175201890271,apollo35,Kidney
KMRC20,N6AMT1,13,3,1,0.004038196024879833,0.0033601804518974465,0.0040487503857651475,0.08871532159230737,0.13049521329728403,apollo35,Kidney
KMRC20,NFKB1,13,13,0,0.0017478607459991574,0.0017478607459991574,0.0017478607459991578,0.21651993878249334,0.21651993878249334,apollo35,Kidney
KMRC20,NHLRC2,13,13,0,0.0022356293649431116,0.0022356293649431116,0.0022356293649431125,0.036551720007347216,0.036551720007347216,apollo35,Kidney
KMRC20,NRBP1,12,11,1,0.008866415954606261,0.008752222614984966,0.008795426022477678,0.47427059262942206,0.47767705063900073,apollo35,Kidney
KMRC20,PIK3CA,13,7,1,0.003457923270530518,0.0026614348706150213,0.0028640526389675024,-0.008360388248706104,0.03688515984828838,apollo35,Kidney
KMRC20,PITRM1,13,4,1,0.003594407991964118,0.002991001208363023,0.003395880559871083,0.0005821245058297155,0.07358583480781597,apollo35,Kidney
KMRC20,PKMYT1,12,10,1,0.004522621592624831,0.004629375911969646,0.004692367336701225,0.2910770640382319,0.2701437483633963,apollo35,Kidney
KMRC20,PPIL1,13,7,1,0.003430830626772931,0.003129914601508235,0.003328386078694636,0.12361924986700361,0.19579376434600174,apollo35,Kidney
KMRC20,PPP2R2A,13,8,1,0.0030472878637290736,0.002900383018779735,0.003017828445166977,0.2157287262549769,0.2339512067825415,apollo35,Kidney
KMRC20,PRKRA,13,8,1,0.004495176432201615,0.0033903016281990003,0.003683500402252992,0.17309083015073326,0.17614217186178766,apollo35,Kidney
KMRC20,RAB18,13,3,1,0.003829707292512393,0.0031738514581733882,0.004029617403962456,0.15505146471039616,0.203222967172744,apollo35,Kidney
KMRC20,RAB7A,13,9,1,0.004028024051358146,0.0035369010266924914,0.003660249353304291,0.2670833452611817,0.30594380265357296,apollo35,Kidney
KMRC20,RAD51,11,9,1,0.00891918113241703,0.0083782128906939,0.008510773665820199,0.2735310396326905,0.2996951318906814,apollo35,Kidney
KMRC20,RHOA,13,12,1,0.004888292904811388,0.004781454096027121,0.004805108582210137,0.11032504141000589,0.12141744848791025,apollo35,Kidney
KMRC20,RNF31,13,13,0,0.0037923150952267285,0.0037923150952267285,0.003792315095226727,-0.13423475265208337,-0.13423475265208337,apollo35,Kidney
KMRC20,SCYL1,13,9,1,0.00436904531073671,0.004273257635672172,0.004451946887333776,0.42314372969794406,0.42110527485249794,apollo35,Kidney
KMRC20,SDHB,13,8,1,0.0027177654398858947,0.0024776811988872667,0.002604581521986101,0.17016947971384408,0.19229422685546177,apollo35,Kidney
KMRC20,SEC23IP,13,6,1,0.006645933380848672,0.00802271164116342,0.008460059953161675,0.6485951602651202,0.6313531095606747,apollo35,Kidney
KMRC20,SLC20A1,13,13,0,0.003877160277893217,0.003877160277893217,0.0038771602778932177,0.16903042112698244,0.16903042112698244,apollo35,Kidney
KMRC20,SLC25A3,13,13,0,0.0034361959643876127,0.0034361959643876127,0.003436195964387614,0.16193477393573708,0.16193477393573708,apollo35,Kidney
KMRC20,SLC39A10,13,12,1,0.00576199719997908,0.005268711879245513,0.0053287216743053475,0.3171426797071776,0.32713463353154504,apollo35,Kidney
KMRC20,SLC39A9,13,13,0,0.00249901867106907,0.00249901867106907,0.00249901867106907,0.2947989095925093,0.2947989095925093,apollo35,Kidney
KMRC20,SMCHD1,13,4,1,0.003529024589343209,0.002035141630767374,0.00256398608085922,0.2792912823590902,0.21824177758862334,apollo35,Kidney
KMRC20,SMG6,13,13,0,0.004557596200324295,0.004557596200324295,0.004557596200324296,0.7994674144881578,0.7994674144881578,apollo35,Kidney
KMRC20,SPRING1,13,4,1,0.0034546382439432422,0.002748569317422145,0.003211458929108021,0.2927026838777038,0.24534292794994353,apollo35,Kidney
KMRC20,STEAP3,13,13,0,0.0027935414437358723,0.0027935414437358723,0.0027935414437358715,0.12497704756422141,0.12497704756422141,apollo35,Kidney
KMRC20,STXBP3,13,9,1,0.003721265834295599,0.003661299025293193,0.0038251145189645646,0.43964750414060827,0.3990162975364844,apollo35,Kidney
KMRC20,SUZ12,13,9,1,0.005491920260287019,0.005436944008021434,0.005564091163282828,0.3783994980474348,0.390628804414081,apollo35,Kidney
KMRC20,TFRC,13,6,1,0.0048512201264044345,0.0038453288386424474,0.004414657245427484,0.08244387024322213,0.1183273873874865,apollo35,Kidney
KMRC20,TRAF2,13,3,1,0.00904495456053331,0.007305932739921585,0.008257283074418026,-0.07848846363164398,-0.0024403881061087233,apollo35,Kidney
KMRC20,TRAIP,12,9,1,0.005851293260901972,0.00552089180064428,0.005660884185457675,0.18719709821982972,0.20787677322690645,apollo35,Kidney
KMRC20,TWNK,13,7,1,0.0028593800740307025,0.0024769180271444853,0.0026450784805239535,0.130660090538294,0.2309716345540254,apollo35,Kidney
KMRC20,TXN,13,5,1,0.0023473068757755076,0.0021775803746114384,0.0024978127087786346,0.16881460040160454,0.17767089596200905,apollo35,Kidney
KMRC20,TYMS,13,13,0,0.0022269313566405094,0.0022269313566405094,0.0022269313566405094,0.12439507949643541,0.12439507949643541,apollo35,Kidney
KMRC20,UBA5,13,11,1,0.0015626714859673712,0.0015759837182011947,0.0016096829568806876,0.5023532979887243,0.48885118223718316,apollo35,Kidney
KMRC20,UBE2C,13,6,1,0.0033531864372561954,0.0030006010644810636,0.0032673192901654787,0.09157299953101541,0.11920803809476137,apollo35,Kidney
KMRC20,UBE2D3,11,6,1,0.0038773426872545196,0.0033518580605131887,0.0037127306968743738,0.2670431834394034,0.2903484559199522,apollo35,Kidney
KMRC20,UBE2G2,13,7,1,0.0032147503147092267,0.0029496325503763714,0.0030956576082158504,0.22831059702862533,0.29619739920071575,apollo35,Kidney
KMRC20,UBE2H,13,9,1,0.004681925099865521,0.0039576094295643875,0.004081184340111018,-0.041486456829174255,-0.01947874508059252,apollo35,Kidney
KMRC20,UBE2S,13,5,1,0.008891984150006466,0.007983619663131462,0.008392094778647963,0.09870314638357777,0.04757759078588078,apollo35,Kidney
KMRC20,UBE3A,13,4,1,0.0059347905092505615,0.002485307966143531,0.0032935326376026513,0.1972154723472005,0.18216884451525528,apollo35,Kidney
KMRC20,UFL1,13,4,1,0.004226315422489957,0.003750318778990633,0.004204914437733864,0.17454739583195153,0.21744864950338677,apollo35,Kidney
KMRC20,WDR48,13,13,0,0.005868252005395599,0.005868252005395599,0.005868252005395601,0.10779484602266591,0.10779484602266591,apollo35,Kidney
KMRC20,WDR89,13,13,0,0.009755075131403671,0.009755075131403671,0.00975507513140367,-0.09332273673639163,-0.09332273673639163,apollo35,Kidney
KMRC20,XRN1,13,13,0,0.002852376987507936,0.002852376987507936,0.0028523769875079354,0.7175242380487458,0.7175242380487458,apollo35,Kidney
KMRC20,YTHDF2,13,13,0,0.004160510717479656,0.004160510717479656,0.0041605107174796565,0.3672431191135915,0.3672431191135915,apollo35,Kidney
KYSE140,ADAR,11,8,1,0.012896832684707255,0.01397780306692993,0.014255261648931625,0.6121769004686749,0.6217621654347736,apollo31,Esophagus/Stomach
KYSE140,ADAT2,12,12,0,0.0010534315352996545,0.0010534315352996545,0.0010534315352996543,0.14616938693386994,0.14616938693386994,apollo31,Esophagus/Stomach
KYSE140,AP2M1,12,7,1,0.007627933899721866,0.008288122806385505,0.008505983080146173,0.44528686284579916,0.40244715004760995,apollo31,Esophagus/Stomach
KYSE140,ATF4,12,12,0,0.0024394313184402916,0.0024394313184402916,0.0024394313184402916,0.2367547619326294,0.2367547619326294,apollo31,Esophagus/Stomach
KYSE140,ATP5PO,12,6,1,0.003148248921498736,0.0034320319883858314,0.0036294782669074373,0.4800788766279425,0.4336625655446316,apollo31,Esophagus/Stomach
KYSE140,BCL2L2,12,12,0,0.002160359583329356,0.002160359583329356,0.0021603595833293568,0.13683844313758892,0.13683844313758892,apollo31,Esophagus/Stomach
KYSE140,BRD4,12,12,0,0.011170617938577428,0.011170617938577428,0.011170617938577428,0.42818081487465115,0.42818081487465115,apollo31,Esophagus/Stomach
KYSE140,C3orf38,12,12,0,0.0015123249150633927,0.0015123249150633927,0.0015123249150633925,0.05016802427744765,0.05016802427744765,apollo31,Esophagus/Stomach
KYSE140,CAB39,12,10,1,0.003877385767756731,0.004022343668649308,0.004094692228647011,0.5720680548747589,0.5559061147000628,apollo31,Esophagus/Stomach
KYSE140,CCDC51,12,7,1,0.004147142952547407,0.002977629193624414,0.003268899759335462,0.08861630766263426,0.09260685355974628,apollo31,Esophagus/Stomach
KYSE140,CCNE1,12,12,0,0.002380940301070913,0.002380940301070913,0.002380940301070913,0.24635029192653193,0.24635029192653193,apollo31,Esophagus/Stomach
KYSE140,CD46,12,12,0,0.002436074786317342,0.002436074786317342,0.0024360747863173414,0.1081139977322462,0.1081139977322462,apollo31,Esophagus/Stomach
KYSE140,CDK4,12,12,0,0.0019712677865347515,0.0019712677865347515,0.001971267786534752,0.14260374236946569,0.14260374236946569,apollo31,Esophagus/Stomach
KYSE140,CLPB,12,10,1,0.0028284455520364,0.0025874489154517678,0.0026445988273340218,0.20109220459758956,0.21776747345461717,apollo31,Esophagus/Stomach
KYSE140,COX5B,12,7,1,0.0025539380245636466,0.001983090114794536,0.0021653206834529285,0.058434118304579355,0.17466972522698204,apollo31,Esophagus/Stomach
KYSE140,DCLRE1B,12,4,1,0.0026713434255935028,0.002520812625923667,0.0029656425243000236,0.4242292571604171,0.46048829564657323,apollo31,Esophagus/Stomach
KYSE140,DNAJC13,12,12,0,0.002727544208424758,0.002727544208424758,0.0027275442084247568,0.29631978713457974,0.29631978713457974,apollo31,Esophagus/Stomach
KYSE140,EEFSEC,12,7,1,0.0022385393873673633,0.0018631444381686775,0.00205906354223785,0.2505311533275619,0.27403601994724697,apollo31,Esophagus/Stomach
KYSE140,FBXO7,12,12,0,0.002287641396356127,0.002287641396356127,0.0022876413963561276,0.06134734433997076,0.06134734433997076,apollo31,Esophagus/Stomach
KYSE140,GET4,12,12,0,0.0030969652797416727,0.0030969652797416727,0.0030969652797416735,0.0908738045098093,0.0908738045098093,apollo31,Esophagus/Stomach
KYSE140,GPX4,11,11,0,0.008239229240333662,0.008239229240333662,0.00823922924033366,0.3125332642747946,0.3125332642747946,apollo31,Esophagus/Stomach
KYSE140,HDAC3,12,11,1,0.004785890323930909,0.00466432851850953,0.004715228752585861,0.38805158297281617,0.3954618236378221,apollo31,Esophagus/Stomach
KYSE140,IBA57,12,12,0,0.0014674581253640516,0.0014674581253640516,0.0014674581253640514,0.11529198538106135,0.11529198538106135,apollo31,Esophagus/Stomach
KYSE140,IER3IP1,12,12,0,0.0016850530032391515,0.0016850530032391515,0.001685053003239151,-0.03914636340537849,-0.03914636340537849,apollo31,Esophagus/Stomach
KYSE140,KCTD5,12,4,1,0.004388901770575778,0.002452628760755359,0.0029983076361586665,-0.06062638598339838,0.08792227500266005,apollo31,Esophagus/Stomach
KYSE140,KIF2C,12,8,1,0.0029693210848004575,0.002887363076018834,0.0030623489540830672,0.40261462195533065,0.4401302351338606,apollo31,Esophagus/Stomach
KYSE140,LRP8,12,6,1,0.0027589265803882384,0.002590076580358847,0.002873700216006701,0.39478545503566176,0.40177591071992097,apollo31,Esophagus/Stomach
KYSE140,MAPK1,12,4,1,0.0023565105721274652,0.0019814985113407045,0.0024501756959860563,0.07645275227652262,0.04669904586538143,apollo31,Esophagus/Stomach
KYSE140,MDM2,9,9,0,0.0017130783821206787,0.0017130783821206787,0.0017130783821206787,0.14171878967553178,0.14171878967553178,apollo31,Esophagus/Stomach
KYSE140,METAP1,12,12,0,0.002917400111100216,0.002917400111100216,0.002917400111100215,0.23485773168189258,0.23485773168189258,apollo31,Esophagus/Stomach
KYSE140,METTL1,12,6,1,0.0022185374426292627,0.0018273664490616665,0.0020401258511487104,0.09035148651226385,0.09928083737327537,apollo31,Esophagus/Stomach
KYSE140,MIB1,12,3,1,0.004834057245804724,0.0035958174474058032,0.004504089870851127,0.12955394509261134,0.13221883731184844,apollo31,Esophagus/Stomach
KYSE140,MIPEP,12,3,1,0.002046117858971207,0.0016375510720928136,0.002103738425876662,0.1833016444250244,0.2625006962774768,apollo31,Esophagus/Stomach
KYSE140,MTOR,12,12,0,0.005986090802067714,0.005986090802067714,0.005986090802067716,0.7731294993690576,0.7731294993690576,apollo31,Esophagus/Stomach
KYSE140,MTPAP,12,12,0,0.002399588638427151,0.002399588638427151,0.0023995886384271517,0.9057235845636203,0.9057235845636203,apollo31,Esophagus/Stomach
KYSE140,MYC,11,11,0,0.014814772132121266,0.014814772132121266,0.014814772132121262,0.7712762939095246,0.7712762939095246,apollo31,Esophagus/Stomach
KYSE140,N6AMT1,12,5,1,0.003348298968991714,0.002887725417925218,0.003237843635847281,0.17016307972742165,0.17104605974683426,apollo31,Esophagus/Stomach
KYSE140,NFKB1,12,12,0,0.0017414840679980954,0.0017414840679980954,0.001741484067998095,0.04253943809639102,0.04253943809639102,apollo31,Esophagus/Stomach
KYSE140,NHLRC2,12,12,0,0.0015880859297667594,0.0015880859297667594,0.0015880859297667594,0.07622329940745187,0.07622329940745187,apollo31,Esophagus/Stomach
KYSE140,NRBP1,11,10,1,0.0039980941355782455,0.003911927287563583,0.003972107014028864,0.560948200049321,0.5516606775871193,apollo31,Esophagus/Stomach
KYSE140,PIK3CA,12,7,1,0.003897257578717598,0.003242283189540828,0.003441488462679854,0.03219378221882386,0.052643130396531346,apollo31,Esophagus/Stomach
KYSE140,PITRM1,12,12,0,0.0019031136237685896,0.0019031136237685896,0.0019031136237685898,0.1422867326166681,0.1422867326166681,apollo31,Esophagus/Stomach
KYSE140,PKMYT1,11,8,1,0.002339922246773907,0.002212845109410878,0.002351546366664575,0.34558122375392164,0.36333794759630594,apollo31,Esophagus/Stomach
KYSE140,POLR2D,8,8,0,0.016575682799988167,0.016575682799988167,0.016575682799988167,0.7206241184452593,0.7206241184452593,apollo31,Esophagus/Stomach
KYSE140,PPIL1,12,12,0,0.0035590142553317576,0.0035590142553317576,0.003559014255331757,0.13405961434784452,0.13405961434784452,apollo31,Esophagus/Stomach
KYSE140,PPP2R2A,12,8,1,0.0019808790202525913,0.0017381416804041205,0.0018428302541931617,0.04589855739278161,0.0809620404239528,apollo31,Esophagus/Stomach
KYSE140,PRKRA,12,5,1,0.004997167983242932,0.00284596675614855,0.003614434433310183,0.3319600298969521,0.29101736214053747,apollo31,Esophagus/Stomach
KYSE140,PSMA1,4,4,0,0.027181956939189587,0.027181956939189587,0.027181956939189584,0.7347102508249642,0.7347102508249642,apollo31,Esophagus/Stomach
KYSE140,RAB18,12,3,1,0.0027658815317076427,0.0021035138581706647,0.0030106312712180304,0.10080763205291787,0.13172866440503098,apollo31,Esophagus/Stomach
KYSE140,RAB7A,12,8,1,0.0034210086001409483,0.0026909866878309604,0.0028576984347892243,0.12220946705288674,0.15245262293550796,apollo31,Esophagus/Stomach
KYSE140,RAD51,10,10,0,0.008343165473690085,0.008343165473690085,0.008343165473690085,0.4009759296546785,0.4009759296546785,apollo31,Esophagus/Stomach
KYSE140,RHOA,12,9,1,0.005151107103971458,0.004941706582247248,0.005062847144615889,0.31768965693530604,0.3367960449236389,apollo31,Esophagus/Stomach
KYSE140,RNF31,12,12,0,0.002170602957387662,0.002170602957387662,0.002170602957387662,0.11166287538545781,0.11166287538545781,apollo31,Esophagus/Stomach
KYSE140,SCYL1,12,7,1,0.00519950699458305,0.003505119251915608,0.003852773535792616,-5.85212790886519e-05,0.1680546953717256,apollo31,Esophagus/Stomach
KYSE140,SDHB,12,3,1,0.0031444528881074854,0.0030197589123777437,0.003685700758163746,0.3283771274235657,0.31996388109854984,apollo31,Esophagus/Stomach
KYSE140,SEC23IP,12,8,1,0.0037577722207628624,0.0025084878138740443,0.002730575038995718,0.3440554097784938,0.36775405565409797,apollo31,Esophagus/Stomach
KYSE140,SLC20A1,12,12,0,0.0022855058225866092,0.0022855058225866092,0.0022855058225866097,0.08814964693530854,0.08814964693530854,apollo31,Esophagus/Stomach
KYSE140,SLC25A3,12,12,0,0.0023540484266825895,0.0023540484266825895,0.0023540484266825895,0.026824464530685748,0.026824464530685748,apollo31,Esophagus/Stomach
KYSE140,SLC39A10,12,11,1,0.004571158306078094,0.004224391211657065,0.00427986413785457,0.41224346495122266,0.41977631113821495,apollo31,Esophagus/Stomach
KYSE140,SLC39A9,12,3,1,0.003025626000707485,0.0026818117729942863,0.0032550576520494964,0.1605891376923467,0.06429478815185481,apollo31,Esophagus/Stomach
KYSE140,SMCHD1,12,3,1,0.004647781433180038,0.002128255825890806,0.002902750934102377,0.33574271385287063,0.3348829184612066,apollo31,Esophagus/Stomach
KYSE140,SMG6,12,12,0,0.00461393851098552,0.00461393851098552,0.00461393851098552,0.792858557981797,0.792858557981797,apollo31,Esophagus/Stomach
KYSE140,SPRING1,12,5,1,0.003126144869088639,0.002446576030448042,0.0027643177880739785,0.32613747138352434,0.2868755032818992,apollo31,Esophagus/Stomach
KYSE140,STEAP3,12,12,0,0.002540088655119314,0.002540088655119314,0.002540088655119315,0.04888834671471786,0.04888834671471786,apollo31,Esophagus/Stomach
KYSE140,STXBP3,12,7,1,0.003935124996054179,0.003174920057876794,0.0034761665944763624,0.34487590703355864,0.35739890934709595,apollo31,Esophagus/Stomach
KYSE140,SUZ12,12,9,1,0.003602699986141972,0.0034882032951427575,0.003592081812801177,0.3372462089409707,0.3545343111708134,apollo31,Esophagus/Stomach
KYSE140,TFRC,12,12,0,0.019944005301266866,0.019944005301266866,0.019944005301266863,0.08811336455362348,0.08811336455362348,apollo31,Esophagus/Stomach
KYSE140,TRAF2,12,12,0,0.0020415288464334367,0.0020415288464334367,0.002041528846433437,0.1654528221538653,0.1654528221538653,apollo31,Esophagus/Stomach
KYSE140,TRAIP,11,6,1,0.0042295167959461215,0.0035861521127836717,0.003981717866391838,0.3126114234261595,0.2959145582252831,apollo31,Esophagus/Stomach
KYSE140,TWNK,12,4,1,0.0023308666634334102,0.0016155382804652332,0.002086459152624725,0.19278698391258484,0.3494304115066015,apollo31,Esophagus/Stomach
KYSE140,TXN,12,5,1,0.0029722169047439284,0.0025591654244514735,0.0028679240466081887,-0.025174546671234244,0.023857466345169526,apollo31,Esophagus/Stomach
KYSE140,TYMS,12,12,0,0.0015464152007344954,0.0015464152007344954,0.001546415200734495,0.1315062900113122,0.1315062900113122,apollo31,Esophagus/Stomach
KYSE140,UBA5,12,9,1,0.0017068530062845037,0.0015382428656735986,0.001602525301725309,0.3519218943536569,0.3851338264147966,apollo31,Esophagus/Stomach
KYSE140,UBE2C,12,5,1,0.0029782380789793663,0.00183896178199049,0.0022052755070083164,0.15138636349367948,0.23195242812650954,apollo31,Esophagus/Stomach
KYSE140,UBE2D3,10,6,1,0.004122975874145376,0.004203678746800694,0.0045423370035385865,0.31914780749680516,0.268863206875785,apollo31,Esophagus/Stomach
KYSE140,UBE2G2,12,12,0,0.001813019005945722,0.001813019005945722,0.0018130190059457223,0.16303504389872314,0.16303504389872314,apollo31,Esophagus/Stomach
KYSE140,UBE2H,12,7,1,0.0024954428537747727,0.002241516981326321,0.00248793981721593,0.4679976583858099,0.4264047295207594,apollo31,Esophagus/Stomach
KYSE140,UBE2S,12,3,1,0.005298432993353728,0.002919435950549719,0.0039896159998026644,0.011907550952370364,0.03742800175229202,apollo31,Esophagus/Stomach
KYSE140,UBE3A,12,3,1,0.008985218294794034,0.0019366927716094637,0.003120729918843251,0.03940858556288271,0.040943262869341024,apollo31,Esophagus/Stomach
KYSE140,UFL1,12,4,1,0.003470807970199721,0.002618405572482216,0.0031078075735022515,0.07330637547349743,0.1394333242123168,apollo31,Esophagus/Stomach
KYSE140,USP37,10,3,1,0.009122526395596122,0.005347184064793126,0.007048165379366238,-0.09296966266697015,-0.05543520430404477,apollo31,Esophagus/Stomach
KYSE140,WDR48,12,12,0,0.0022777410507560875,0.0022777410507560875,0.002277741050756087,0.0819984903498913,0.0819984903498913,apollo31,Esophagus/Stomach
KYSE140,WDR89,12,12,0,0.0037223423262822907,0.0037223423262822907,0.00372234232628229,0.11743449816386481,0.11743449816386481,apollo31,Esophagus/Stomach
KYSE140,XRN1,12,12,0,0.0025748273042146387,0.0025748273042146387,0.0025748273042146383,0.7131280223396509,0.7131280223396509,apollo31,Esophagus/Stomach
KYSE140,YTHDF2,12,12,0,0.003659060576026082,0.003659060576026082,0.0036590605760260814,0.4439358870391064,0.4439358870391064,apollo31,Esophagus/Stomach
KYSE450,ADAR,11,8,1,0.0036859679413041154,0.0028464488620788997,0.003097809446995072,0.46345090494087254,0.4801457372256714,apollo31,Esophagus/Stomach
KYSE450,ADAT2,12,12,0,0.0008957440285686429,0.0008957440285686429,0.0008957440285686428,0.07895020831438755,0.07895020831438755,apollo31,Esophagus/Stomach
KYSE450,AP2M1,12,7,1,0.00257325714641218,0.001965270190650112,0.0021745301941121834,0.12989137428640835,0.17501625530333026,apollo31,Esophagus/Stomach
KYSE450,ATF4,12,12,0,0.0017399002647156092,0.0017399002647156092,0.0017399002647156094,0.3494869113182771,0.3494869113182771,apollo31,Esophagus/Stomach
KYSE450,ATP5PO,12,6,1,0.010199674181141214,0.010657079229120247,0.010855643839372224,0.39128700083175444,0.3896291401966996,apollo31,Esophagus/Stomach
KYSE450,BCL2L2,12,12,0,0.0012072128894783875,0.0012072128894783875,0.001207212889478387,0.0436886952861058,0.0436886952861058,apollo31,Esophagus/Stomach
KYSE450,BRD4,12,12,0,0.009229309257514971,0.009229309257514971,0.00922930925751497,0.6575679181282311,0.6575679181282311,apollo31,Esophagus/Stomach
KYSE450,C3orf38,12,12,0,0.0009671241346850612,0.0009671241346850612,0.0009671241346850614,0.18011488555100008,0.18011488555100008,apollo31,Esophagus/Stomach
KYSE450,CAB39,12,10,1,0.0032019972325442693,0.002935063244042961,0.0030059936562163107,0.36312435636384,0.38466240317691,apollo31,Esophagus/Stomach
KYSE450,CCDC51,12,7,1,0.005738060159819337,0.005948413944549041,0.006228267492074711,0.4356933123216934,0.4370113608705099,apollo31,Esophagus/Stomach
KYSE450,CCNE1,12,12,0,0.0015545490210863557,0.0015545490210863557,0.0015545490210863559,0.28055663385095936,0.28055663385095936,apollo31,Esophagus/Stomach
KYSE450,CD46,12,12,0,0.001353185064166606,0.001353185064166606,0.001353185064166606,0.1862834591805642,0.1862834591805642,apollo31,Esophagus/Stomach
KYSE450,CDK4,12,12,0,0.0012956909412624247,0.0012956909412624247,0.0012956909412624245,0.20390941374312202,0.20390941374312202,apollo31,Esophagus/Stomach
KYSE450,CLPB,12,10,1,0.0021848617982634217,0.001987467975344198,0.0020438792472503562,0.3007332365947654,0.30136133340944743,apollo31,Esophagus/Stomach
KYSE450,COX5B,12,7,1,0.0023246360540079224,0.0024038038681842575,0.0025874222355815176,0.3970333946137658,0.38495432035375426,apollo31,Esophagus/Stomach
KYSE450,DCLRE1B,12,4,1,0.0014558593284561255,0.0010603444481003979,0.001508808303626947,0.284623399375859,0.4020035706147826,apollo31,Esophagus/Stomach
KYSE450,DNAJC13,12,12,0,0.001415825623583982,0.001415825623583982,0.001415825623583982,0.21209107616377898,0.21209107616377898,apollo31,Esophagus/Stomach
KYSE450,EEFSEC,12,7,1,0.0017057904593446676,0.001135208857888721,0.0013334041296638236,0.2068238914499849,0.27737365654266133,apollo31,Esophagus/Stomach
KYSE450,FBXO7,12,12,0,0.0013421914993336167,0.0013421914993336167,0.0013421914993336167,0.2712958979087718,0.2712958979087718,apollo31,Esophagus/Stomach
KYSE450,GET4,12,12,0,0.0011392312524023558,0.0011392312524023558,0.0011392312524023558,0.14643407961145682,0.14643407961145682,apollo31,Esophagus/Stomach
KYSE450,GPX4,11,11,0,0.0015463342053141664,0.0015463342053141664,0.001546334205314166,0.06576219370318212,0.06576219370318212,apollo31,Esophagus/Stomach
KYSE450,HDAC3,12,11,1,0.004176186890274722,0.0039681389836796685,0.004020591601883281,0.4214293918709138,0.43688273506349345,apollo31,Esophagus/Stomach
KYSE450,IBA57,12,12,0,0.0010894720254707145,0.0010894720254707145,0.0010894720254707147,0.042531080226436514,0.042531080226436514,apollo31,Esophagus/Stomach
KYSE450,IER3IP1,12,12,0,0.0009116734677603439,0.0009116734677603439,0.0009116734677603443,0.1309687251529236,0.1309687251529236,apollo31,Esophagus/Stomach
KYSE450,KCTD5,12,4,1,0.0027354639450791773,0.002216051778861269,0.002761701176793949,0.39166205663658404,0.34149466287938895,apollo31,Esophagus/Stomach
KYSE450,KIF2C,12,8,1,0.0014961834726819202,0.0013655117859936348,0.001535316778517434,0.33807447710379585,0.3199768077069343,apollo31,Esophagus/Stomach
KYSE450,LRP8,12,6,1,0.002270265500528262,0.001763210090139853,0.0020393490512744653,0.3158655031687454,0.3534489756870119,apollo31,Esophagus/Stomach
KYSE450,MAD2L1,9,9,0,0.01734578717596854,0.01734578717596854,0.01734578717596854,0.25703957923087717,0.25703957923087717,apollo31,Esophagus/Stomach
KYSE450,MAPK1,12,4,1,0.0013897764122008742,0.0011018984306138014,0.001567014625096075,0.21584587831433988,0.1698210663638081,apollo31,Esophagus/Stomach
KYSE450,MDM2,9,9,0,0.001941813965338855,0.001941813965338855,0.0019418139653388546,0.03323742511266641,0.03323742511266641,apollo31,Esophagus/Stomach
KYSE450,METAP1,12,12,0,0.0014735309127119085,0.0014735309127119085,0.001473530912711908,0.3529398607532056,0.3529398607532056,apollo31,Esophagus/Stomach
KYSE450,METTL1,12,6,1,0.0021823998974404776,0.001737921764470022,0.0019506267845986506,0.20622985504490646,0.28388157675221387,apollo31,Esophagus/Stomach
KYSE450,MIB1,12,3,1,0.0028213120245140183,0.0013632679407833345,0.002260869900233888,0.0761386574402991,0.10416186654805816,apollo31,Esophagus/Stomach
KYSE450,MIPEP,12,3,1,0.0015175101803817953,0.0011774738276939033,0.00163625493609065,0.11159786132263502,0.12420990918693607,apollo31,Esophagus/Stomach
KYSE450,MTOR,12,12,0,0.0036746602070569703,0.0036746602070569703,0.003674660207056972,0.7519601350453358,0.7519601350453358,apollo31,Esophagus/Stomach
KYSE450,MTPAP,12,12,0,0.004799943869536478,0.004799943869536478,0.004799943869536478,0.9127297003790601,0.9127297003790601,apollo31,Esophagus/Stomach
KYSE450,MYC,11,11,0,0.026321628828645485,0.026321628828645485,0.02632162882864547,0.7543185884708216,0.7543185884708216,apollo31,Esophagus/Stomach
KYSE450,N6AMT1,12,5,1,0.0018817814556064984,0.0011104635701322165,0.001461041237995392,0.25398383766573696,0.27345397518662495,apollo31,Esophagus/Stomach
KYSE450,NFKB1,12,12,0,0.0008112148267418049,0.0008112148267418049,0.0008112148267418047,0.1991035531503506,0.1991035531503506,apollo31,Esophagus/Stomach
KYSE450,NHLRC2,12,12,0,0.0010082196198609482,0.0010082196198609482,0.0010082196198609485,-0.041408011389549054,-0.041408011389549054,apollo31,Esophagus/Stomach
KYSE450,NRBP1,11,10,1,0.004221924235405925,0.003987162544682149,0.004048981277528817,0.5027221131292733,0.4981858773371272,apollo31,Esophagus/Stomach
KYSE450,PIK3CA,12,7,1,0.0025659887588582934,0.0029921336414946557,0.003180623159204815,0.6267340395917506,0.5869690926928423,apollo31,Esophagus/Stomach
KYSE450,PITRM1,12,12,0,0.0011690174451631581,0.0011690174451631581,0.001169017445163158,0.13470356027489316,0.13470356027489316,apollo31,Esophagus/Stomach
KYSE450,PKMYT1,11,8,1,0.0024391237762816484,0.002451868348804434,0.002589312758493592,0.3511195404078772,0.35303361890432444,apollo31,Esophagus/Stomach
KYSE450,POLR2D,8,8,0,0.014813137556060979,0.014813137556060979,0.014813137556060979,0.4561457617351321,0.4561457617351321,apollo31,Esophagus/Stomach
KYSE450,PPIL1,12,12,0,0.002003244266049976,0.002003244266049976,0.0020032442660499754,0.12778370171568357,0.12778370171568357,apollo31,Esophagus/Stomach
KYSE450,PPP2R2A,12,8,1,0.001386810803955037,0.0013102212523221591,0.0014229827875969364,0.3672720218307491,0.3580426776395774,apollo31,Esophagus/Stomach
KYSE450,PRKRA,12,5,1,0.004809778048928696,0.0017228796149394924,0.002496874391807605,0.293681211951183,0.2880997178888726,apollo31,Esophagus/Stomach
KYSE450,PSMA1,4,4,0,0.03503493903677088,0.03503493903677088,0.03503493903677089,0.4502741493261528,0.4502741493261528,apollo31,Esophagus/Stomach
KYSE450,RAB18,12,3,1,0.0024592648655193477,0.0015610269441640346,0.0024731074708684284,0.028594872807122175,0.06884816253932695,apollo31,Esophagus/Stomach
KYSE450,RAB7A,12,8,1,0.002251882981093292,0.0018746743971477834,0.002037384238168321,0.4101701800344011,0.42697158008084646,apollo31,Esophagus/Stomach
KYSE450,RAD51,10,10,0,0.013500970625909865,0.013500970625909865,0.013500970625909861,0.29753575800578896,0.29753575800578896,apollo31,Esophagus/Stomach
KYSE450,RHOA,12,9,1,0.0035135888888531536,0.003504165907421154,0.0036258711506591394,0.46945327962911604,0.4638330358622315,apollo31,Esophagus/Stomach
KYSE450,RNF31,12,12,0,0.0011466983831557199,0.0011466983831557199,0.0011466983831557203,0.018741600787430836,0.018741600787430836,apollo31,Esophagus/Stomach
KYSE450,SCYL1,12,7,1,0.003525496776524987,0.0022558634310155565,0.0025823001635341195,0.07488737382579697,0.15553514753154973,apollo31,Esophagus/Stomach
KYSE450,SDHB,12,3,1,0.0019298853108756162,0.0016239908625680821,0.002274687239123703,0.2008577807332807,0.19405121047277463,apollo31,Esophagus/Stomach
KYSE450,SEC23IP,12,8,1,0.0041413315096046725,0.002467964025986592,0.002650905960742475,0.03548589478291626,0.0642767198352815,apollo31,Esophagus/Stomach
KYSE450,SLC20A1,12,12,0,0.0012930684862547713,0.0012930684862547713,0.001293068486254771,0.18067957279541086,0.18067957279541086,apollo31,Esophagus/Stomach
KYSE450,SLC25A3,12,12,0,0.0031606054753059855,0.0031606054753059855,0.0031606054753059855,0.2998140208297162,0.2998140208297162,apollo31,Esophagus/Stomach
KYSE450,SLC39A10,12,11,1,0.004730113616032096,0.004664765617959107,0.00472657342366921,0.5401370728756966,0.5382525340786987,apollo31,Esophagus/Stomach
KYSE450,SLC39A9,12,3,1,0.00201116682181742,0.0010896411716963912,0.0016557237188087812,0.1600978510623766,0.18915018145716925,apollo31,Esophagus/Stomach
KYSE450,SMCHD1,12,3,1,0.00533208053837761,0.0014229361958915953,0.0022044193471350932,0.031144964983635125,0.09349027927732526,apollo31,Esophagus/Stomach
KYSE450,SMG6,12,12,0,0.002880886728427886,0.002880886728427886,0.002880886728427886,0.8285759572195561,0.8285759572195561,apollo31,Esophagus/Stomach
KYSE450,SPRING1,12,5,1,0.0017980150796038277,0.0014343993905522698,0.0017524775188609211,0.25676284895780205,0.25995492374907264,apollo31,Esophagus/Stomach
KYSE450,STEAP3,12,12,0,0.0012942544836883605,0.0012942544836883605,0.0012942544836883605,0.13892318793045572,0.13892318793045572,apollo31,Esophagus/Stomach
KYSE450,STXBP3,12,7,1,0.002535709209264491,0.0013916750760249845,0.0017035175822792679,0.4080782091749737,0.42875805279623513,apollo31,Esophagus/Stomach
KYSE450,SUZ12,12,9,1,0.0029799048596335304,0.0029379893350794783,0.0030461644224233923,0.43121090260768047,0.434714668206448,apollo31,Esophagus/Stomach
KYSE450,TFRC,12,12,0,0.0018114909805199712,0.0018114909805199712,0.0018114909805199706,0.19488719941665214,0.19488719941665214,apollo31,Esophagus/Stomach
KYSE450,TRAF2,12,12,0,0.0020012383892432308,0.0020012383892432308,0.0020012383892432303,0.0808997427747968,0.0808997427747968,apollo31,Esophagus/Stomach
KYSE450,TRAIP,11,6,1,0.0039571387662651,0.0027953367440364803,0.0031895124311057746,0.14836333330303514,0.18147790833989288,apollo31,Esophagus/Stomach
KYSE450,TWNK,12,4,1,0.0018211680694577232,0.001380857953177797,0.0018486564454928548,0.36948521617637403,0.4473463467331407,apollo31,Esophagus/Stomach
KYSE450,TXN,12,5,1,0.0018568227869222554,0.001578923793639162,0.0018889121062514488,0.22019658150805727,0.27466338260089507,apollo31,Esophagus/Stomach
KYSE450,TYMS,12,12,0,0.001202442930787669,0.001202442930787669,0.0012024429307876685,0.10799459657454043,0.10799459657454043,apollo31,Esophagus/Stomach
KYSE450,UBA5,12,9,1,0.001320575355481752,0.0014774404453581779,0.001547162457252411,0.6638799598187267,0.615586573402591,apollo31,Esophagus/Stomach
KYSE450,UBE2C,12,5,1,0.0022189945063142698,0.0011703168955992025,0.0015385241927427505,0.19029855971230605,0.22160595193579322,apollo31,Esophagus/Stomach
KYSE450,UBE2D3,10,6,1,0.002920533397337142,0.0021360580350816088,0.0024728288772263526,0.20546427754527835,0.23861677908974607,apollo31,Esophagus/Stomach
KYSE450,UBE2G2,12,12,0,0.0009429855950204763,0.0009429855950204763,0.0009429855950204761,0.13510006456308354,0.13510006456308354,apollo31,Esophagus/Stomach
KYSE450,UBE2H,12,7,1,0.002744074189676319,0.0018082602963919241,0.002052738870769884,0.21955256865802783,0.25854114279890295,apollo31,Esophagus/Stomach
KYSE450,UBE2S,12,3,1,0.0030694728815284455,0.0012770291343998754,0.002341993550145693,0.1646586023636344,0.22599896353476556,apollo31,Esophagus/Stomach
KYSE450,UBE3A,12,3,1,0.008516105826204105,0.001321200163030963,0.0024730880343852243,0.053846505306332115,0.10672767106193887,apollo31,Esophagus/Stomach
KYSE450,UFL1,12,4,1,0.0018170452245316548,0.0013448619083022268,0.001816071784068098,0.37674318848420657,0.3863822789727269,apollo31,Esophagus/Stomach
KYSE450,USP37,10,3,1,0.007819841341147209,0.005324600623181137,0.0070279614630661975,0.0415042041576814,0.06516828075421123,apollo31,Esophagus/Stomach
KYSE450,WDR48,12,12,0,0.0017551109904257243,0.0017551109904257243,0.0017551109904257246,0.1101534372930944,0.1101534372930944,apollo31,Esophagus/Stomach
KYSE450,WDR89,12,12,0,0.0014364530689265282,0.0014364530689265282,0.0014364530689265282,0.1311008438856737,0.1311008438856737,apollo31,Esophagus/Stomach
KYSE450,XRN1,12,12,0,0.0035429051570885794,0.0035429051570885794,0.003542905157088579,0.771415149056262,0.771415149056262,apollo31,Esophagus/Stomach
KYSE450,YTHDF2,12,12,0,0.0023106013079729182,0.0023106013079729182,0.0023106013079729182,0.4010806776934707,0.4010806776934707,apollo31,Esophagus/Stomach
MG63,ADAR,12,12,0,0.01216254953734489,0.01216254953734489,0.012162549537344889,0.4273650188555053,0.4273650188555053,apollo34,Bone
MG63,ADAT2,12,12,0,0.0014726442888746783,0.0014726442888746783,0.0014726442888746787,0.01765327499168466,0.01765327499168466,apollo34,Bone
MG63,AP2M1,12,4,1,0.0044440394748503954,0.0031604440958171013,0.003855188019055485,0.1622645638507512,0.24222451383391544,apollo34,Bone
MG63,ATF4,12,7,1,0.003752238417678585,0.0034282017280408794,0.003644720261114082,0.16810293449365316,0.20062477254514138,apollo34,Bone
MG63,ATP5PO,12,7,1,0.004198203724798749,0.0030193754264642623,0.00322671431892059,0.11830155355706527,0.14126446293030903,apollo34,Bone
MG63,BCL2L2,12,12,0,0.002296992119432053,0.002296992119432053,0.0022969921194320527,0.031071377648877675,0.031071377648877675,apollo34,Bone
MG63,BRD4,12,12,0,0.007130845771176351,0.007130845771176351,0.007130845771176352,0.6250061807265888,0.6250061807265888,apollo34,Bone
MG63,C3orf38,12,5,1,0.005023423648899682,0.0036310428805174134,0.004122888800820044,-0.12172532250288282,0.01762189890865212,apollo34,Bone
MG63,CAB39,12,10,1,0.0032497992817279242,0.003127163596961729,0.003197861235976812,0.46572301774266694,0.45365880676782694,apollo34,Bone
MG63,CCDC51,12,3,1,0.006027461668852116,0.002660413159414873,0.003838710375038473,0.11845791214973483,0.13993874657272443,apollo34,Bone
MG63,CCNE1,12,3,1,0.002967557622087656,0.002620179663531623,0.003729084769662439,0.07405602069008775,0.0705592342556369,apollo34,Bone
MG63,CD46,12,12,0,0.0025964098160757617,0.0025964098160757617,0.002596409816075763,-0.09077446080257018,-0.09077446080257018,apollo34,Bone
MG63,CDK4,12,12,0,0.002733221562845934,0.002733221562845934,0.0027332215628459327,0.13021485307115002,0.13021485307115002,apollo34,Bone
MG63,CLPB,12,11,1,0.002435061143804658,0.0024065021306890933,0.002432779212375743,0.34884509884948317,0.3404611791498587,apollo34,Bone
MG63,COX5B,12,8,1,0.002934690608128443,0.0025654266203809163,0.0026930115329005405,0.1587265835948798,0.1564533370896254,apollo34,Bone
MG63,DCLRE1B,12,5,1,0.0030550996263610398,0.0030826226823447997,0.003408461977936281,0.2453311264742108,0.15081981728146632,apollo34,Bone
MG63,DNAJC13,12,6,1,0.003152856417638392,0.0027891503591499054,0.0030615245875916988,0.07144097831552168,0.09172318796929935,apollo34,Bone
MG63,EEFSEC,12,10,1,0.0030186320137862584,0.003071945923094362,0.003123909898464194,0.3447756253848496,0.31489759015786417,apollo34,Bone
MG63,FBXO7,12,12,0,0.0022171975703147197,0.0022171975703147197,0.0022171975703147197,0.20250795041719244,0.20250795041719244,apollo34,Bone
MG63,GET4,12,12,0,0.0025707497347916223,0.0025707497347916223,0.0025707497347916214,0.03947028287365254,0.03947028287365254,apollo34,Bone
MG63,GPX4,11,7,1,0.006618334458422382,0.006124309235328804,0.0063343251908085044,0.20772346109517148,0.2145019145594747,apollo34,Bone
MG63,HDAC3,12,12,0,0.005247708032843235,0.005247708032843235,0.005247708032843234,0.22969845609423134,0.22969845609423134,apollo34,Bone
MG63,IBA57,12,12,0,0.0016818601810203006,0.0016818601810203006,0.0016818601810203,0.05717916840405818,0.05717916840405818,apollo34,Bone
MG63,IER3IP1,12,12,0,0.0021307023457052105,0.0021307023457052105,0.0021307023457052096,0.1386208980054845,0.1386208980054845,apollo34,Bone
MG63,KCTD5,12,5,1,0.0034547274316439813,0.002417972716874557,0.002802115916225567,0.06927404060214452,0.15033460346272004,apollo34,Bone
MG63,KIF2C,12,6,1,0.0029035291155107847,0.0027516487760127525,0.0031091194893934785,0.2931171980227898,0.2505110510117063,apollo34,Bone
MG63,LRP8,12,6,1,0.003900355018624691,0.0032539881676869466,0.0035262653451895395,0.20993723352737956,0.24921236074973874,apollo34,Bone
MG63,MAD2L1,6,6,0,0.008942024030243715,0.008942024030243715,0.008942024030243715,0.18845712603158543,0.18845712603158543,apollo34,Bone
MG63,MAPK1,12,5,1,0.0020249455775288336,0.0018277118027080813,0.0021361240618349075,0.22657467019507593,0.2222822516355396,apollo34,Bone
MG63,MDM2,9,9,0,0.002927854243478843,0.002927854243478843,0.0029278542434788423,0.10378979274483878,0.10378979274483878,apollo34,Bone
MG63,METAP1,12,6,1,0.0033768606620035915,0.0031558054384672983,0.003484215413505839,0.23397823476082724,0.23254879907127005,apollo34,Bone
MG63,METTL1,12,5,1,0.002991874407678774,0.0023388928862329034,0.0026329947295357253,0.03909981221730344,0.08215830219573549,apollo34,Bone
MG63,MIB1,12,12,0,0.0022259926183199096,0.0022259926183199096,0.0022259926183199087,0.21182296349735769,0.21182296349735769,apollo34,Bone
MG63,MIPEP,12,5,1,0.0017954253553293395,0.0014360064047112178,0.0016484724160209597,0.08497712383830984,0.11983054312171108,apollo34,Bone
MG63,MTOR,12,12,0,0.0031238610314024313,0.0031238610314024313,0.0031238610314024305,0.7485532402224125,0.7485532402224125,apollo34,Bone
MG63,MTPAP,12,12,0,0.0030871178867951043,0.0030871178867951043,0.003087117886795104,0.872361459181753,0.872361459181753,apollo34,Bone
MG63,MYC,11,11,0,0.02704049183241954,0.02704049183241954,0.027040491832419532,0.5814463886658592,0.5814463886658592,apollo34,Bone
MG63,N6AMT1,12,3,1,0.0034621904566268413,0.002286885336367679,0.003040552317867201,-0.002774127444443274,0.056829326049695095,apollo34,Bone
MG63,NFKB1,12,12,0,0.001834653913110061,0.001834653913110061,0.0018346539131100616,0.01158174770284136,0.01158174770284136,apollo34,Bone
MG63,NHLRC2,12,12,0,0.0022507553095715274,0.0022507553095715274,0.002250755309571528,-0.05726011988747836,-0.05726011988747836,apollo34,Bone
MG63,NRBP1,11,11,0,0.006954209441374619,0.006954209441374619,0.006954209441374619,0.26680644050366903,0.26680644050366903,apollo34,Bone
MG63,PIK3CA,12,6,1,0.003439538538345573,0.002496820240386299,0.0028073375461220595,0.1983936046519022,0.19672951156215923,apollo34,Bone
MG63,PITRM1,12,4,1,0.0025670471617898196,0.0021817144376247094,0.0026040028349473736,0.104381769224006,0.10452855314901004,apollo34,Bone
MG63,PKMYT1,11,10,1,0.003295986005856329,0.003206864999330482,0.003240508774112422,0.2414140215903375,0.24900844126495877,apollo34,Bone
MG63,POLR2D,8,8,0,0.013259571663681045,0.013259571663681045,0.01325957166368105,0.5959908900561341,0.5959908900561341,apollo34,Bone
MG63,PPIL1,12,3,1,0.004432455464936119,0.0037852014421248985,0.0045636152821531585,0.08541012630336899,0.07921921590034954,apollo34,Bone
MG63,PPP2R2A,12,8,1,0.0023759282881656595,0.0022174402162439097,0.0023193277787361835,0.23779779965721543,0.26458429780993187,apollo34,Bone
MG63,PRKRA,12,6,1,0.014485263806388066,0.015817371278493534,0.016172286388852198,0.458881088151567,0.4017045615942093,apollo34,Bone
MG63,RAB18,12,12,0,0.003503617689863235,0.003503617689863235,0.003503617689863236,0.10868661458258719,0.10868661458258719,apollo34,Bone
MG63,RAB7A,12,11,1,0.003019719763532394,0.002875252318806383,0.0029049635401228193,0.08005314887983828,0.08390385716168006,apollo34,Bone
MG63,RAD51,10,9,1,0.00681176119450698,0.006610430694341676,0.0066946901385752785,0.3135791074315452,0.31465067399345614,apollo34,Bone
MG63,RHOA,12,10,1,0.0032555185969101864,0.0031142694875264925,0.0031872358960199527,0.304498123043183,0.2979295947627687,apollo34,Bone
MG63,RNF31,12,12,0,0.0024903096175769024,0.0024903096175769024,0.0024903096175769024,0.049181740710581116,0.049181740710581116,apollo34,Bone
MG63,SCYL1,12,5,1,0.003118504500141215,0.0031108346484924904,0.0037480317818362552,0.3989326987351842,0.38734832786643114,apollo34,Bone
MG63,SDHB,12,5,1,0.0025378173531884025,0.00195789506048085,0.0022883090097935636,0.07057833987564177,0.11996438357334951,apollo34,Bone
MG63,SEC23IP,12,8,1,0.00377781593819781,0.004338899283169946,0.004540528506552038,0.674508953626861,0.6333665882580856,apollo34,Bone
MG63,SLC20A1,12,12,0,0.002471907666471992,0.002471907666471992,0.002471907666471991,0.15073904766727522,0.15073904766727522,apollo34,Bone
MG63,SLC25A3,12,12,0,0.00420703029763209,0.00420703029763209,0.004207030297632088,-0.0007467507460440743,-0.0007467507460440743,apollo34,Bone
MG63,SLC39A10,12,12,0,0.004659072635302767,0.004659072635302767,0.004659072635302768,0.42797880330775623,0.42797880330775623,apollo34,Bone
MG63,SLC39A9,12,6,1,0.002774706400581273,0.002061151044719927,0.0022458053789353514,-0.0099286352361894,0.08446515823979343,apollo34,Bone
MG63,SMCHD1,12,6,1,0.003994245769264897,0.0026547073020447135,0.0029221397557647887,0.0766798277941909,0.09003439230421115,apollo34,Bone
MG63,SMG6,12,12,0,0.0035839913801899333,0.0035839913801899333,0.0035839913801899337,0.8049110283388488,0.8049110283388488,apollo34,Bone
MG63,SPRING1,12,7,1,0.003279593739558761,0.0025730317818137647,0.0027299279472045644,0.04235965045007813,0.058635158034140294,apollo34,Bone
MG63,STEAP3,12,12,0,0.0025579369407770286,0.0025579369407770286,0.002557936940777029,0.01806056247557861,0.01806056247557861,apollo34,Bone
MG63,STXBP3,12,7,1,0.00482498178206277,0.0034403823984952117,0.0037409081345141705,0.14281404289060215,0.17582304732006362,apollo34,Bone
MG63,SUZ12,12,10,1,0.0026213587399241643,0.0026183633647500954,0.002683505171320843,0.3248117637883632,0.31726422557363054,apollo34,Bone
MG63,TFRC,12,5,1,0.004819868074704599,0.0036853363191781245,0.004463506245600986,0.05618441721116984,0.05984436974569775,apollo34,Bone
MG63,TRAF2,12,12,0,0.003557050174845304,0.003557050174845304,0.003557050174845304,0.21085831234714125,0.21085831234714125,apollo34,Bone
MG63,TRAIP,11,7,1,0.007146792090080771,0.006811090791206428,0.007080607975932038,0.23885796566877665,0.2539200821618416,apollo34,Bone
MG63,TWNK,12,7,1,0.0024806592338038015,0.002316006814260935,0.0024746702071510385,0.23461850888981178,0.24866274185737197,apollo34,Bone
MG63,TXN,12,3,1,0.0028128593299211135,0.002704092056197582,0.0034018668096356145,0.21795457678477465,0.21755734362002288,apollo34,Bone
MG63,TYMS,12,12,0,0.001956126543995829,0.001956126543995829,0.0019561265439958296,0.02456349886451305,0.02456349886451305,apollo34,Bone
MG63,UBA5,12,12,0,0.001888147973280045,0.001888147973280045,0.0018881479732800457,0.2770346655816301,0.2770346655816301,apollo34,Bone
MG63,UBE2C,12,6,1,0.0030826114285407574,0.0025234433846860016,0.0027820122281918243,0.11824148043773815,0.1300447777735032,apollo34,Bone
MG63,UBE2D3,10,7,1,0.0037775577224254905,0.0033675396217966304,0.003584970616715686,0.16457121384753506,0.16003547370316368,apollo34,Bone
MG63,UBE2G2,12,3,1,0.0029038831936807454,0.002608801254393604,0.0032448524280112613,0.26434085555770315,0.2143979456797557,apollo34,Bone
MG63,UBE2H,12,9,1,0.004533163304430802,0.004083303598789826,0.004187965270758189,0.17471712878121423,0.17455716026039267,apollo34,Bone
MG63,UBE2S,12,3,1,0.007171823820202278,0.004614546660356422,0.005551780900735118,-0.029493883675376118,-0.0001672409673447041,apollo34,Bone
MG63,UBE3A,12,4,1,0.006828205662379506,0.002263686055374086,0.0030692034683760926,0.004383454138047806,0.051455032042612446,apollo34,Bone
MG63,UFL1,12,3,1,0.0026384739178504355,0.0021548848908397905,0.002879243919932435,0.14450952543648843,0.1899775907579541,apollo34,Bone
MG63,USP37,10,10,0,0.006483056761366287,0.006483056761366287,0.0064830567613662895,-0.012602496725198462,-0.012602496725198462,apollo34,Bone
MG63,WDR48,12,12,0,0.0027412188102367008,0.0027412188102367008,0.0027412188102367008,0.006631765629261548,0.006631765629261548,apollo34,Bone
MG63,WDR89,12,12,0,0.004117052758366643,0.004117052758366643,0.004117052758366643,-0.12191364064849078,-0.12191364064849078,apollo34,Bone
MG63,XRN1,12,12,0,0.004927194300685932,0.004927194300685932,0.004927194300685931,0.5844995662293198,0.5844995662293198,apollo34,Bone
MG63,YTHDF2,12,12,0,0.004041978261062135,0.004041978261062135,0.004041978261062134,0.260578147199087,0.260578147199087,apollo34,Bone
ONE58,ADAR,12,12,0,0.004783280462604719,0.004783280462604719,0.004783280462604718,0.12259005124326465,0.12259005124326465,apollo34,Pleura
ONE58,ADAT2,12,12,0,0.0013107014779986633,0.0013107014779986633,0.0013107014779986628,0.09184115278723207,0.09184115278723207,apollo34,Pleura
ONE58,AP2M1,12,4,1,0.0037363195826871126,0.002435362388030514,0.0031186126942380843,0.17687571632065174,0.22369101564792232,apollo34,Pleura
ONE58,ATF4,12,7,1,0.002613555936008045,0.0021435620008589803,0.00236655270594122,0.18489242005401815,0.24845613539765446,apollo34,Pleura
ONE58,ATP5PO,12,7,1,0.0023732897979218837,0.0015504773549186307,0.0017495110891162932,0.3125908567436167,0.326908716642155,apollo34,Pleura
ONE58,BCL2L2,12,12,0,0.0014874896945328896,0.0014874896945328896,0.00148748969453289,0.1347511517925852,0.1347511517925852,apollo34,Pleura
ONE58,BRD4,12,12,0,0.013347346801143866,0.013347346801143866,0.013347346801143864,0.6486990348978066,0.6486990348978066,apollo34,Pleura
ONE58,C3orf38,12,5,1,0.003977157263615328,0.0025119536732536355,0.003002493012086086,-0.3073223441657975,-0.1220670487745867,apollo34,Pleura
ONE58,CAB39,12,10,1,0.0037491525930445895,0.0035871887665888955,0.003657670520811364,0.4836753726451734,0.49467682858145107,apollo34,Pleura
ONE58,CCDC51,12,3,1,0.004822292626034905,0.004562186493592107,0.005737524941482508,0.4634373372712946,0.40920875833003945,apollo34,Pleura
ONE58,CCNE1,12,3,1,0.0023198225637658895,0.0020354103057237997,0.003149257638995321,0.12536579354379981,0.12147083934458526,apollo34,Pleura
ONE58,CD46,12,12,0,0.0018299258171451302,0.0018299258171451302,0.00182992581714513,0.07414713234519399,0.07414713234519399,apollo34,Pleura
ONE58,CDK4,12,12,0,0.00241617817138932,0.00241617817138932,0.00241617817138932,0.23236729227995365,0.23236729227995365,apollo34,Pleura
ONE58,CLPB,12,11,1,0.001807772856286435,0.0018440905716769552,0.0018705368741177902,0.501723610702015,0.4839619048969557,apollo34,Pleura
ONE58,COX5B,12,8,1,0.00263241934135868,0.0022698834603790703,0.0023908585832120195,0.2095262440600982,0.22147495361298364,apollo34,Pleura
ONE58,DCLRE1B,12,5,1,0.002097108449862193,0.0018043733051749669,0.002137559961728942,0.3072548615298402,0.3370136480511241,apollo34,Pleura
ONE58,DNAJC13,12,6,1,0.002946688334284843,0.0029270330808776846,0.003192569876536744,0.32441378074095323,0.2943760343947385,apollo34,Pleura
ONE58,EEFSEC,12,10,1,0.002639149231832195,0.0025121393999208673,0.002566015187658506,0.22855528169887335,0.24633428979040495,apollo34,Pleura
ONE58,FBXO7,12,12,0,0.0019214504149268486,0.0019214504149268486,0.0019214504149268482,0.21981332812735077,0.21981332812735077,apollo34,Pleura
ONE58,GET4,12,12,0,0.002102759182814232,0.002102759182814232,0.002102759182814232,0.0960699347369989,0.0960699347369989,apollo34,Pleura
ONE58,GPX4,11,7,1,0.003249457160223772,0.002173273641264992,0.0023733554438228276,-0.17285477057236745,-0.13447184919336005,apollo34,Pleura
ONE58,HDAC3,12,12,0,0.0045359267823439995,0.0045359267823439995,0.0045359267823439995,0.45320988628938075,0.45320988628938075,apollo34,Pleura
ONE58,IBA57,12,12,0,0.0016181176597426727,0.0016181176597426727,0.0016181176597426727,0.12136568341754486,0.12136568341754486,apollo34,Pleura
ONE58,IER3IP1,12,12,0,0.0023737869064298974,0.0023737869064298974,0.0023737869064298983,0.3167923437359051,0.3167923437359051,apollo34,Pleura
ONE58,KCTD5,12,5,1,0.003292711546953707,0.00236343353888118,0.0027310294670357164,0.14023789359728558,0.20874595316642106,apollo34,Pleura
ONE58,KIF2C,12,6,1,0.0028987634919028942,0.0024764797664481313,0.0028574787585233536,0.29269664274634305,0.28378756932766275,apollo34,Pleura
ONE58,LRP8,12,6,1,0.0022650258931081195,0.0019977462980584537,0.0022671625983515043,0.40129495048069885,0.3987706834427301,apollo34,Pleura
ONE58,MAD2L1,6,6,0,0.010743874279752598,0.010743874279752598,0.010743874279752598,0.23086415963762819,0.23086415963762819,apollo34,Pleura
ONE58,MAPK1,12,5,1,0.0024392988494245237,0.0023272824626660265,0.00263598042945678,0.3296418974026806,0.3280824982560872,apollo34,Pleura
ONE58,MDM2,9,9,0,0.0021983719361146157,0.0021983719361146157,0.002198371936114615,0.1668514230853479,0.1668514230853479,apollo34,Pleura
ONE58,METAP1,12,6,1,0.003040273506800949,0.0026174535056476145,0.002949755282012666,0.12161275907685636,0.15957559809917574,apollo34,Pleura
ONE58,METTL1,12,5,1,0.0017761599153597242,0.0015555765192760923,0.0018529122768201534,0.24438785220278164,0.23067254476973192,apollo34,Pleura
ONE58,MIB1,12,12,0,0.0022411846678672357,0.0022411846678672357,0.002241184667867235,0.18244055778543455,0.18244055778543455,apollo34,Pleura
ONE58,MIPEP,12,5,1,0.0013920217384687991,0.0011143999336933918,0.0013266547152599277,0.2819074240712457,0.3270109413272943,apollo34,Pleura
ONE58,MTOR,12,12,0,0.006702019016093114,0.006702019016093114,0.0067020190160931165,0.7289795817659781,0.7289795817659781,apollo34,Pleura
ONE58,MTPAP,12,12,0,0.002326871094946524,0.002326871094946524,0.002326871094946524,0.9158868927730801,0.9158868927730801,apollo34,Pleura
ONE58,MYC,11,11,0,0.014614299823030521,0.014614299823030521,0.014614299823030525,0.794857982802617,0.794857982802617,apollo34,Pleura
ONE58,N6AMT1,12,3,1,0.0024469905200107593,0.0021914255706564456,0.0029579493612307225,0.3384887430277784,0.3501743338556098,apollo34,Pleura
ONE58,NFKB1,12,12,0,0.0016069159265075146,0.0016069159265075146,0.0016069159265075146,0.2377313834012585,0.2377313834012585,apollo34,Pleura
ONE58,NHLRC2,12,12,0,0.0014005753818447713,0.0014005753818447713,0.0014005753818447718,0.13266778513390398,0.13266778513390398,apollo34,Pleura
ONE58,NRBP1,11,11,0,0.005354768724550223,0.005354768724550223,0.005354768724550221,0.656259087481797,0.656259087481797,apollo34,Pleura
ONE58,PIK3CA,12,6,1,0.00306704518334873,0.0018392260678802793,0.0021568686435130963,0.28056676087905136,0.2883024006467902,apollo34,Pleura
ONE58,PITRM1,12,4,1,0.002027632126047909,0.0017096717178279293,0.0021383436512540624,0.11122621718572806,0.15739902327271937,apollo34,Pleura
ONE58,PKMYT1,11,10,1,0.004209373803668324,0.004264318379988256,0.004297894376682473,0.4512670832567866,0.4461165249573904,apollo34,Pleura
ONE58,POLR2D,8,8,0,0.01427675832759532,0.01427675832759532,0.014276758327595316,0.597913451163703,0.597913451163703,apollo34,Pleura
ONE58,PPIL1,12,3,1,0.0028797425118336985,0.0021175426853361308,0.002888827120382868,0.15677141339576467,0.33047223955607025,apollo34,Pleura
ONE58,PPP2R2A,12,8,1,0.002264132037427327,0.0020371374182292347,0.0021415131007603565,0.2161498167560614,0.2717836693690714,apollo34,Pleura
ONE58,PRKRA,12,6,1,0.005047998714183747,0.005035803942797418,0.005407725404527794,0.38069808336818867,0.39609295593321575,apollo34,Pleura
ONE58,RAB18,12,12,0,0.0016702820674578324,0.0016702820674578324,0.0016702820674578329,0.16037567935626895,0.16037567935626895,apollo34,Pleura
ONE58,RAB7A,12,11,1,0.0025093234054377415,0.002424118552591327,0.0024504322205360298,0.24665289095783235,0.2400854359647143,apollo34,Pleura
ONE58,RAD51,10,9,1,0.004789465688146799,0.004584918337985139,0.004673927531556837,0.3240845626168244,0.3171269455603903,apollo34,Pleura
ONE58,RHOA,12,10,1,0.004370450305482164,0.004517669708545423,0.0045922620949648725,0.46363937517690434,0.4284844533343538,apollo34,Pleura
ONE58,RNF31,12,12,0,0.002301458043563449,0.002301458043563449,0.00230145804356345,0.24404514245472164,0.24404514245472164,apollo34,Pleura
ONE58,SCYL1,12,5,1,0.0027106997863683984,0.0026224634929748396,0.0032748594399273816,0.4095437558454747,0.42172572077104864,apollo34,Pleura
ONE58,SDHB,12,5,1,0.00221090927323941,0.0018230218907203362,0.002153855410732711,0.231490514777435,0.2517993896937302,apollo34,Pleura
ONE58,SEC23IP,12,8,1,0.003013027023028344,0.0028566341706761506,0.0030679676012186673,0.5333355626350107,0.48930927813060704,apollo34,Pleura
ONE58,SLC20A1,12,12,0,0.0022233803663248477,0.0022233803663248477,0.0022233803663248486,0.15496880424208395,0.15496880424208395,apollo34,Pleura
ONE58,SLC25A3,12,12,0,0.00197030143941838,0.00197030143941838,0.0019703014394183804,0.16360052021064914,0.16360052021064914,apollo34,Pleura
ONE58,SLC39A10,12,12,0,0.0358970722873012,0.0358970722873012,0.035897072287301206,0.4654962499820814,0.4654962499820814,apollo34,Pleura
ONE58,SLC39A9,12,6,1,0.002578470643503473,0.0021768535468856005,0.0023613741715378563,0.15316831524790658,0.19239242047404276,apollo34,Pleura
ONE58,SMCHD1,12,6,1,0.003571491741684296,0.002108093075544032,0.0023595621181436923,-0.04602925918749886,0.004375566096453127,apollo34,Pleura
ONE58,SMG6,12,12,0,0.00718284457959988,0.00718284457959988,0.007182844579599878,0.814633722421256,0.814633722421256,apollo34,Pleura
ONE58,SPRING1,12,7,1,0.0026562361995921074,0.0019636978912950225,0.0021322582743545145,0.14939369920490647,0.2357958627228248,apollo34,Pleura
ONE58,STEAP3,12,12,0,0.003001912916692062,0.003001912916692062,0.0030019129166920628,0.06950566985248371,0.06950566985248371,apollo34,Pleura
ONE58,STXBP3,12,7,1,0.004295311800680348,0.0024134136121389434,0.0026745176005518174,0.040884585691454194,0.09991951042518285,apollo34,Pleura
ONE58,SUZ12,12,10,1,0.002860978162328894,0.0028786063897818723,0.0029420612717859186,0.444439022690488,0.4351697010807148,apollo34,Pleura
ONE58,TFRC,12,5,1,0.0035585575351774834,0.0024875348586929804,0.0032677167365507236,0.19233201137674347,0.2514181586980073,apollo34,Pleura
ONE58,TRAF2,12,12,0,0.0029959814223776684,0.0029959814223776684,0.002995981422377669,0.19344839766400615,0.19344839766400615,apollo34,Pleura
ONE58,TRAIP,11,7,1,0.004723333905663345,0.004300657908677281,0.0045634948448404255,0.3688494363300357,0.409611597838905,apollo34,Pleura
ONE58,TWNK,12,7,1,0.0024481625073103316,0.0022015497365826765,0.0023519769820104105,0.11097790503927654,0.16222167831235113,apollo34,Pleura
ONE58,TXN,12,3,1,0.0020046881529911954,0.0019283726416581735,0.0026293462163127375,0.2727315939777442,0.23988312140434676,apollo34,Pleura
ONE58,TYMS,12,12,0,0.001631072236749228,0.001631072236749228,0.0016310722367492282,-0.023818595026166088,-0.023818595026166088,apollo34,Pleura
ONE58,UBA5,12,12,0,0.0019670468986406173,0.0019670468986406173,0.0019670468986406173,0.5110077554719866,0.5110077554719866,apollo34,Pleura
ONE58,UBE2C,12,6,1,0.0038680507692857267,0.002850432070006786,0.003124970087058391,0.04507027180562007,0.10195101440244271,apollo34,Pleura
ONE58,UBE2D3,10,7,1,0.004048798131652344,0.0035814672110762173,0.003800296310612362,0.24696997109105015,0.28022682096151447,apollo34,Pleura
ONE58,UBE2G2,12,3,1,0.0023206199746358546,0.0014913142069069747,0.0021209769465058786,0.12809331790512538,0.17115996441069695,apollo34,Pleura
ONE58,UBE2H,12,9,1,0.002790356219555551,0.0025735490805972572,0.002677601045829941,0.430564622474132,0.4345746417956982,apollo34,Pleura
ONE58,UBE2S,12,3,1,0.0030356706496359976,0.002144873631214703,0.0030878036471548675,0.3258436188292394,0.2945057776030478,apollo34,Pleura
ONE58,UBE3A,12,4,1,0.005475790808910073,0.0016453999632379164,0.0024805327249614166,0.14821078451683742,0.14727875804667193,apollo34,Pleura
ONE58,UFL1,12,3,1,0.0020107860029679025,0.00200551831228022,0.0027245248738308058,0.4244697633139625,0.37798334667156097,apollo34,Pleura
ONE58,USP37,10,10,0,0.010121222635007835,0.010121222635007835,0.010121222635007834,0.23136660327851186,0.23136660327851186,apollo34,Pleura
ONE58,WDR48,12,12,0,0.003257690775704986,0.003257690775704986,0.003257690775704986,0.1344312791856147,0.1344312791856147,apollo34,Pleura
ONE58,WDR89,12,12,0,0.002716207100210461,0.002716207100210461,0.002716207100210461,-0.0957195908444958,-0.0957195908444958,apollo34,Pleura
ONE58,XRN1,12,12,0,0.0028384837726094215,0.0028384837726094215,0.002838483772609422,0.7243128724365879,0.7243128724365879,apollo34,Pleura
ONE58,YTHDF2,12,12,0,0.0034441026927829613,0.0034441026927829613,0.003444102692782961,0.397003083722439,0.397003083722439,apollo34,Pleura
RPMI7951,ADAR,11,8,1,0.004976269299053781,0.004665524876921495,0.004925009450905449,0.5071102099611806,0.5167375403678931,apollo31,Skin
RPMI7951,ADAT2,12,12,0,0.0018736933705214142,0.0018736933705214142,0.0018736933705214146,0.001830850180112044,0.001830850180112044,apollo31,Skin
RPMI7951,AP2M1,12,7,1,0.004280754856868924,0.0036537075829406137,0.0038789701007380154,0.11686348200506096,0.15735109633473443,apollo31,Skin
RPMI7951,ATF4,12,12,0,0.003782193881703237,0.003782193881703237,0.003782193881703236,0.2127788541002245,0.2127788541002245,apollo31,Skin
RPMI7951,ATP5PO,12,6,1,0.002788880927846256,0.0021130281209007745,0.0023142570146481452,-0.03418334703706983,0.04485655475152287,apollo31,Skin
RPMI7951,BCL2L2,12,12,0,0.00240423477167328,0.00240423477167328,0.00240423477167328,0.20491524590780671,0.20491524590780671,apollo31,Skin
RPMI7951,BRD4,12,12,0,0.017209276896837638,0.017209276896837638,0.01720927689683763,0.5367771830440737,0.5367771830440737,apollo31,Skin
RPMI7951,C3orf38,12,12,0,0.003400539852142014,0.003400539852142014,0.0034005398521420125,0.12576935943636583,0.12576935943636583,apollo31,Skin
RPMI7951,CAB39,12,10,1,0.0027790898159256363,0.0025561418974962614,0.002629445698427441,0.40290823265314557,0.41924784970844914,apollo31,Skin
RPMI7951,CCDC51,12,7,1,0.004931236201596469,0.0035328589059075216,0.0038337967797577024,-0.004361003935385436,0.026270609226965516,apollo31,Skin
RPMI7951,CCNE1,12,12,0,0.0025264059067116565,0.0025264059067116565,0.002526405906711657,0.17368068782359805,0.17368068782359805,apollo31,Skin
RPMI7951,CD46,12,12,0,0.0018842959875875977,0.0018842959875875977,0.0018842959875875968,0.16532618906021582,0.16532618906021582,apollo31,Skin
RPMI7951,CDK4,12,12,0,0.0049957222735028985,0.0049957222735028985,0.004995722273502898,0.1964106450226317,0.1964106450226317,apollo31,Skin
RPMI7951,CLPB,12,10,1,0.003047594979197947,0.002895405609963695,0.002950067110471549,0.392787577687228,0.3877173334252169,apollo31,Skin
RPMI7951,COX5B,12,7,1,0.0028622741674080125,0.002611988511162092,0.002796925275895937,0.2297634267185311,0.2012060675639194,apollo31,Skin
RPMI7951,DCLRE1B,12,4,1,0.00411806819394607,0.004037877325295299,0.004484757272484889,0.09519328778482478,0.05065861216825543,apollo31,Skin
RPMI7951,DNAJC13,12,12,0,0.002695062001121511,0.002695062001121511,0.0026950620011215115,0.41184479961446374,0.41184479961446374,apollo31,Skin
RPMI7951,EEFSEC,12,7,1,0.0033594539122337873,0.003184236608269643,0.0033814050723215247,0.3422485763339186,0.4002532102910247,apollo31,Skin
RPMI7951,FBXO7,12,12,0,0.002391048719572231,0.002391048719572231,0.0023910487195722306,0.26983581874568513,0.26983581874568513,apollo31,Skin
RPMI7951,GET4,12,12,0,0.002410953527122047,0.002410953527122047,0.0024109535271220474,0.024972050368341107,0.024972050368341107,apollo31,Skin
RPMI7951,GPX4,11,11,0,0.008062328421913068,0.008062328421913068,0.00806232842191307,0.08809796529790617,0.08809796529790617,apollo31,Skin
RPMI7951,HDAC3,12,11,1,0.005844639247801179,0.00584836663611662,0.005907010720275686,0.4935612516339575,0.49486016832532237,apollo31,Skin
RPMI7951,IBA57,12,12,0,0.00366881526713274,0.00366881526713274,0.003668815267132739,0.0740739719372988,0.0740739719372988,apollo31,Skin
RPMI7951,IER3IP1,12,12,0,0.001996533914372701,0.001996533914372701,0.001996533914372701,0.10162440142140042,0.10162440142140042,apollo31,Skin
RPMI7951,KCTD5,12,4,1,0.0048040471513331445,0.003289574787346782,0.003830749665069439,0.07089098999884753,0.12012305662828153,apollo31,Skin
RPMI7951,KIF2C,12,8,1,0.004130817400485266,0.0041507596198605565,0.004332045446637417,0.19180870177882703,0.1368115568907383,apollo31,Skin
RPMI7951,LRP8,12,6,1,0.0034713725823954347,0.003324848850958457,0.0036077824429626214,0.28350804480511055,0.2157779270695541,apollo31,Skin
RPMI7951,MAPK1,12,4,1,0.0038660260596473746,0.003635027703322372,0.004105386207658692,0.2910865899371618,0.3437326640896533,apollo31,Skin
RPMI7951,MDM2,9,9,0,0.0023203818418755205,0.0023203818418755205,0.0023203818418755205,0.0936824666682075,0.0936824666682075,apollo31,Skin
RPMI7951,METAP1,12,12,0,0.0032471396237764437,0.0032471396237764437,0.0032471396237764437,0.20448328992945633,0.20448328992945633,apollo31,Skin
RPMI7951,METTL1,12,6,1,0.0038129417441043058,0.003294013008398565,0.0035099044006147487,0.08180453473150975,0.08887493191064906,apollo31,Skin
RPMI7951,MIB1,12,3,1,0.005379060432340012,0.0037931189737345715,0.004703295056601082,0.09388464328896955,0.21584147782520238,apollo31,Skin
RPMI7951,MIPEP,12,3,1,0.0022357347442366307,0.0018711903530151228,0.0023379770900163904,0.08532440768281173,0.11847594210338008,apollo31,Skin
RPMI7951,MTOR,12,12,0,0.005369400735587714,0.005369400735587714,0.005369400735587712,0.6888417115098041,0.6888417115098041,apollo31,Skin
RPMI7951,MTPAP,12,12,0,0.004441757736019542,0.004441757736019542,0.004441757736019542,0.8896302776541231,0.8896302776541231,apollo31,Skin
RPMI7951,MYC,11,11,0,0.009772649044848035,0.009772649044848035,0.009772649044848035,0.7091217111407712,0.7091217111407712,apollo31,Skin
RPMI7951,N6AMT1,12,5,1,0.003388303287544635,0.002652429406332282,0.003001097498526652,0.17569458864644624,0.15541876671274457,apollo31,Skin
RPMI7951,NFKB1,12,12,0,0.002775794986363618,0.002775794986363618,0.0027757949863636187,0.05263788190001688,0.05263788190001688,apollo31,Skin
RPMI7951,NHLRC2,12,12,0,0.0023758858538113475,0.0023758858538113475,0.002375885853811348,-0.08046017461055723,-0.08046017461055723,apollo31,Skin
RPMI7951,NRBP1,11,10,1,0.00548099345635281,0.005662392696532091,0.005721964145908352,0.614994343213887,0.6055526951270969,apollo31,Skin
RPMI7951,PIK3CA,12,7,1,0.00421928813780547,0.0033424169965190283,0.0035390908596462474,-0.08815981924184052,-0.04534165455406923,apollo31,Skin
RPMI7951,PITRM1,12,12,0,0.0023011217110663743,0.0023011217110663743,0.0023011217110663748,0.022542808738599852,0.022542808738599852,apollo31,Skin
RPMI7951,PKMYT1,11,8,1,0.003925221860583557,0.0038763316062166747,0.004014543162952165,0.33704244231136504,0.34326700012692796,apollo31,Skin
RPMI7951,POLR2D,8,8,0,0.01911905166525166,0.01911905166525166,0.01911905166525166,0.548996325125928,0.548996325125928,apollo31,Skin
RPMI7951,PPIL1,12,12,0,0.002491652548695873,0.002491652548695873,0.002491652548695873,0.2589050289270315,0.2589050289270315,apollo31,Skin
RPMI7951,PPP2R2A,12,8,1,0.002655410726145317,0.0025275836610118524,0.002640443640096349,0.28072280815366113,0.2978024370580514,apollo31,Skin
RPMI7951,PRKRA,12,5,1,0.007064417512935547,0.004585310510418646,0.005336726474930663,0.23193712606836445,0.19634511390507495,apollo31,Skin
RPMI7951,RAB18,12,3,1,0.0035019850885018074,0.002734193338120228,0.003657860972717485,0.12175962862163531,0.2289260939107934,apollo31,Skin
RPMI7951,RAB7A,12,8,1,0.002916261120035406,0.0029313621788653555,0.0030934197178266276,0.5145773038124907,0.49959514961290286,apollo31,Skin
RPMI7951,RAD51,10,10,0,0.0041932664068497555,0.0041932664068497555,0.0041932664068497555,0.18032821934128804,0.18032821934128804,apollo31,Skin
RPMI7951,RHOA,12,9,1,0.0040229225418713585,0.003835830561117276,0.003957358911783679,0.3575101491660601,0.3734209482316896,apollo31,Skin
RPMI7951,RNF31,12,12,0,0.004422914945128735,0.004422914945128735,0.004422914945128733,0.2549866983140074,0.2549866983140074,apollo31,Skin
RPMI7951,SCYL1,12,7,1,0.004593092356672405,0.003122838492031991,0.0034513458085104727,0.08507328155718273,0.13945205675949213,apollo31,Skin
RPMI7951,SDHB,12,3,1,0.0036253558508695565,0.0030732410849809606,0.00373117101004452,0.003798760541430191,0.057693787340769305,apollo31,Skin
RPMI7951,SEC23IP,12,8,1,0.006042295475758637,0.004214514181490524,0.004433847531833379,-0.013569541938112889,0.017071411361112,apollo31,Skin
RPMI7951,SLC20A1,12,12,0,0.0028516909490541565,0.0028516909490541565,0.0028516909490541565,0.11893707346634919,0.11893707346634919,apollo31,Skin
RPMI7951,SLC25A3,12,12,0,0.0034602368888098324,0.0034602368888098324,0.003460236888809831,0.0164537613424526,0.0164537613424526,apollo31,Skin
RPMI7951,SLC39A10,12,11,1,0.007444536973858159,0.006754427431340831,0.006817303765157084,0.2006564637213685,0.2228231706615078,apollo31,Skin
RPMI7951,SLC39A9,12,3,1,0.002517061234482413,0.0017136348577841151,0.0022762356882972904,0.11822322972110091,0.10071443407924667,apollo31,Skin
RPMI7951,SMCHD1,12,3,1,0.006562879338952835,0.0029458379125050513,0.003716162956040032,0.21468422487061248,0.23496505081559735,apollo31,Skin
RPMI7951,SMG6,12,12,0,0.0044369355593885055,0.0044369355593885055,0.004436935559388504,0.74888219139132,0.74888219139132,apollo31,Skin
RPMI7951,SPRING1,12,5,1,0.0036741378872691935,0.0023050583928554717,0.0026244742509717416,-0.12409207651186545,0.011310545698819185,apollo31,Skin
RPMI7951,STEAP3,12,12,0,0.0024138123242431063,0.0024138123242431063,0.0024138123242431063,0.20943601439176346,0.20943601439176346,apollo31,Skin
RPMI7951,STXBP3,12,7,1,0.005107820000102518,0.003357885607893194,0.0036582682943979527,0.007863568328866893,0.049413308892038404,apollo31,Skin
RPMI7951,SUZ12,12,9,1,0.0038105298081159422,0.0035330751511073143,0.0036360043907241934,0.15648691631395306,0.20307758401459625,apollo31,Skin
RPMI7951,TFRC,12,12,0,0.005904909581973432,0.005904909581973432,0.005904909581973431,0.16874200440300344,0.16874200440300344,apollo31,Skin
RPMI7951,TRAF2,12,12,0,0.005157711429682629,0.005157711429682629,0.0051577114296826295,0.2357558798871058,0.2357558798871058,apollo31,Skin
RPMI7951,TRAIP,11,6,1,0.004108766891529168,0.00349267925631079,0.0038934504076988687,0.35898122524756687,0.35835995819879596,apollo31,Skin
RPMI7951,TWNK,12,4,1,0.0026265156964715955,0.0021733740180648253,0.002637428466902769,0.2159721855426708,0.2126606155439929,apollo31,Skin
RPMI7951,TXN,12,5,1,0.004081787997157149,0.003851584981139312,0.004158612029731,0.12303379739386716,0.13444483962117676,apollo31,Skin
RPMI7951,TYMS,12,12,0,0.005968234701825701,0.005968234701825701,0.0059682347018256985,0.07215423185423413,0.07215423185423413,apollo31,Skin
RPMI7951,UBA5,12,9,1,0.0022260088361205983,0.0021910893390075224,0.002260437243464718,0.4537195359656771,0.4736980880633448,apollo31,Skin
RPMI7951,UBE2C,12,5,1,0.003348130307201097,0.003369983564346939,0.003738683163778444,0.41396485317596654,0.35431426888320944,apollo31,Skin
RPMI7951,UBE2D3,10,6,1,0.0059425789353360564,0.006374194059848596,0.00671130629811201,0.42046944531573144,0.3675962984079358,apollo31,Skin
RPMI7951,UBE2G2,12,12,0,0.002242492136612876,0.002242492136612876,0.002242492136612876,0.09303175097305678,0.09303175097305678,apollo31,Skin
RPMI7951,UBE2H,12,7,1,0.002940812890419098,0.0030151525641409146,0.00325543031274766,0.5550660270394085,0.5256467837614291,apollo31,Skin
RPMI7951,UBE2S,12,3,1,0.005438893509873566,0.002730875615367964,0.0037710372346632035,-0.14102346788461845,-0.08423746209937719,apollo31,Skin
RPMI7951,UBE3A,12,3,1,0.008177291118366879,0.0022509892748043777,0.003477944337292872,0.21084214663826856,0.2631615178834671,apollo31,Skin
RPMI7951,UFL1,12,4,1,0.003972246822232415,0.003277217946472141,0.003765068642510866,0.1085580137921463,0.09587653542934584,apollo31,Skin
RPMI7951,USP37,10,3,1,0.006396692376088248,0.003727658092502506,0.00542150746194384,0.13561425940682778,0.11793136162993814,apollo31,Skin
RPMI7951,WDR48,12,12,0,0.0038907157521720147,0.0038907157521720147,0.0038907157521720147,0.11893791705852208,0.11893791705852208,apollo31,Skin
RPMI7951,WDR89,12,12,0,0.003936076000317978,0.003936076000317978,0.003936076000317978,-0.1411665048260835,-0.1411665048260835,apollo31,Skin
RPMI7951,XRN1,12,12,0,0.0034871793146191814,0.0034871793146191814,0.0034871793146191835,0.6417069225415712,0.6417069225415712,apollo31,Skin
RPMI7951,YTHDF2,12,12,0,0.003467112409595332,0.003467112409595332,0.0034671124095953317,0.3339863129889735,0.3339863129889735,apollo31,Skin
SKGII,ADAR,12,10,1,0.004936788834621578,0.00453922396136614,0.004632604558169322,0.42915120859570555,0.4344665986526567,apollo32,Cervix
SKGII,ADAT2,13,13,0,0.001389903108330854,0.001389903108330854,0.0013899031083308537,0.091770623377764,0.091770623377764,apollo32,Cervix
SKGII,AP2M1,13,8,1,0.003822177727232185,0.0030778236649459923,0.0032769049363628867,0.06586687354181606,0.08504707940835603,apollo32,Cervix
SKGII,ATF4,13,7,1,0.002653100628119012,0.00266594919994042,0.002879037810940435,0.41243859471714517,0.4054004060870344,apollo32,Cervix
SKGII,ATP5PO,13,8,1,0.0023427687537046697,0.0020049691176953453,0.00215586413804676,0.2950034382004678,0.2872425099609009,apollo32,Cervix
SKGII,BCL2L2,13,13,0,0.0019543371701593614,0.0019543371701593614,0.001954337170159362,0.2112011830966954,0.2112011830966954,apollo32,Cervix
SKGII,BRD4,13,13,0,0.015706152983226744,0.015706152983226744,0.015706152983226748,0.3715631561967008,0.3715631561967008,apollo32,Cervix
SKGII,C3orf38,13,6,1,0.0023499884225770965,0.002553955761114083,0.0027600171345282267,0.45444151094088364,0.38052325861982184,apollo32,Cervix
SKGII,CAB39,13,10,1,0.002623215172360007,0.0024964347891945986,0.002571405977403072,0.44370326593328413,0.4592560912648053,apollo32,Cervix
SKGII,CCDC51,13,7,1,0.00452329633067693,0.003300058424805517,0.0036021529892515895,0.05320059569206661,0.008619570151735109,apollo32,Cervix
SKGII,CCNE1,13,4,1,0.001809625415079206,0.001470080151172396,0.002169948605754527,0.17152915950054634,0.20450654430111437,apollo32,Cervix
SKGII,CD46,13,13,0,0.0022096855764188604,0.0022096855764188604,0.0022096855764188604,0.02844734620899977,0.02844734620899977,apollo32,Cervix
SKGII,CDK4,13,13,0,0.0022045836941941253,0.0022045836941941253,0.0022045836941941253,0.0766536694741156,0.0766536694741156,apollo32,Cervix
SKGII,CLPB,13,10,1,0.003461234252771873,0.0033724104446124607,0.003433524170674841,0.29340380286559253,0.2949701339633264,apollo32,Cervix
SKGII,COX5B,13,8,1,0.002640949908559351,0.0023124890737279136,0.002435996911462035,0.2550436516194389,0.27244686805904383,apollo32,Cervix
SKGII,DCLRE1B,13,5,1,0.001555902915641743,0.001511215201594104,0.0018097198555365407,0.4252561411093981,0.3999506780987537,apollo32,Cervix
SKGII,DNAJC13,13,6,1,0.0028200670787658973,0.0023993477403897218,0.002675830625764963,0.20002220604378765,0.23014007112975912,apollo32,Cervix
SKGII,EEFSEC,13,7,1,0.0030909054728795286,0.0027693799428627247,0.002935731479237788,0.1402683308878431,0.18095108910210486,apollo32,Cervix
SKGII,FBXO7,13,3,1,0.002454251416669136,0.0020206939721644757,0.0026170371464097567,0.2266231463096229,0.24857187199416383,apollo32,Cervix
SKGII,GET4,13,13,0,0.0020651263129199413,0.0020651263129199413,0.002065126312919941,0.130747428035003,0.130747428035003,apollo32,Cervix
SKGII,GPX4,13,4,1,0.003629964458414377,0.0025065056324668116,0.003209640383629737,0.3015833849621451,0.28718325001347006,apollo32,Cervix
SKGII,HDAC3,13,13,0,0.005125040281155514,0.005125040281155514,0.005125040281155514,0.3572347280778051,0.3572347280778051,apollo32,Cervix
SKGII,IBA57,13,13,0,0.0025786478651516386,0.0025786478651516386,0.0025786478651516386,-0.041617603887276575,-0.041617603887276575,apollo32,Cervix
SKGII,IER3IP1,13,4,1,0.005961823891211883,0.0025426129520307902,0.0031015092555186636,-0.14088031096205525,-0.02712786074594205,apollo32,Cervix
SKGII,KCTD5,13,3,1,0.004310026842115244,0.002510963171936548,0.003183199851325697,-0.20230817605865037,-0.07661883078714209,apollo32,Cervix
SKGII,KIF2C,13,10,1,0.0034801286641137374,0.0031850211068225258,0.0032573008317432254,0.1450391642695748,0.19213068622708632,apollo32,Cervix
SKGII,LRP8,13,7,1,0.002452359856686356,0.002203675872067094,0.0023882886204397973,0.3096304083531835,0.33522849642928454,apollo32,Cervix
SKGII,MAPK1,13,4,1,0.002742594804468782,0.0020158799661327675,0.002432210482528626,0.28044755587835574,0.3814927849926635,apollo32,Cervix
SKGII,MDM2,12,12,0,0.002281715219687374,0.002281715219687374,0.002281715219687374,0.2555082751610762,0.2555082751610762,apollo32,Cervix
SKGII,METAP1,13,6,1,0.0036012859945701685,0.0037585488909469963,0.004083518437327693,0.4170719840220824,0.35214040228094334,apollo32,Cervix
SKGII,METTL1,13,6,1,0.0027899405215267652,0.002440473232109251,0.0026392259495813305,0.11310716875028544,0.1461422962265866,apollo32,Cervix
SKGII,MIB1,13,13,0,0.002685336038312294,0.002685336038312294,0.002685336038312294,0.1119299395598946,0.1119299395598946,apollo32,Cervix
SKGII,MIPEP,13,5,1,0.0016695648847143605,0.0014543682385351948,0.0016586416138648064,0.15975831367964544,0.23197866424534697,apollo32,Cervix
SKGII,MTOR,13,13,0,0.00415051733147439,0.00415051733147439,0.00415051733147439,0.710615975220758,0.710615975220758,apollo32,Cervix
SKGII,MTPAP,13,13,0,0.002959980558060338,0.002959980558060338,0.0029599805580603363,0.9027997634605482,0.9027997634605482,apollo32,Cervix
SKGII,MYC,13,13,0,0.011106052450968896,0.011106052450968896,0.0111060524509689,0.7178129477222663,0.7178129477222663,apollo32,Cervix
SKGII,N6AMT1,13,13,0,0.0022876484716524512,0.0022876484716524512,0.0022876484716524504,0.1712910702341166,0.1712910702341166,apollo32,Cervix
SKGII,NFKB1,13,13,0,0.0018793425164035165,0.0018793425164035165,0.0018793425164035165,0.12763201836723873,0.12763201836723873,apollo32,Cervix
SKGII,NHLRC2,13,13,0,0.002316654152828484,0.002316654152828484,0.002316654152828484,0.026720002341225197,0.026720002341225197,apollo32,Cervix
SKGII,NRBP1,13,12,1,0.005278275843870631,0.005427810642338662,0.005467936136829423,0.6138931328990824,0.6061185602546993,apollo32,Cervix
SKGII,PIK3CA,13,7,1,0.004114117961618096,0.0026619506809449057,0.0028937953201043,0.07557282111569529,0.16140630016022134,apollo32,Cervix
SKGII,PITRM1,13,4,1,0.002658883431138042,0.0019576984575367415,0.002318668032785959,-0.07378526172278438,-0.02378680466840268,apollo32,Cervix
SKGII,PKMYT1,12,11,1,0.00256928010960812,0.002563526985208096,0.002590202889779388,0.35239392029352024,0.34272375367046304,apollo32,Cervix
SKGII,POLR2D,11,11,0,0.017170884089594943,0.017170884089594943,0.017170884089594947,0.7117695196318786,0.7117695196318786,apollo32,Cervix
SKGII,PPIL1,13,3,1,0.002276511157622425,0.0016028069973335923,0.0023856257391737558,0.19010224074610832,0.2449006025709059,apollo32,Cervix
SKGII,PPP2R2A,13,11,1,0.0017789261303378242,0.0017528689078994792,0.0017847256285736038,0.32111201694431163,0.31383969949683754,apollo32,Cervix
SKGII,PRKRA,13,8,1,0.00597203689376369,0.00495674670178214,0.0052043472967886525,0.06702468700971857,0.06755557204189623,apollo32,Cervix
SKGII,RAB18,13,13,0,0.0018881881819530952,0.0018881881819530952,0.0018881881819530948,0.20033284349974032,0.20033284349974032,apollo32,Cervix
SKGII,RAB7A,13,11,1,0.004839757839223605,0.0050457783721293645,0.005092177798903581,0.5407290067246032,0.5244331009318974,apollo32,Cervix
SKGII,RAD51,13,12,1,0.00583128397034782,0.005670340558862938,0.005712098173641259,0.19551808313141775,0.2002821517485506,apollo32,Cervix
SKGII,RHOA,13,12,1,0.002396941014906268,0.002344762753932511,0.002369539621034325,0.4130061331630576,0.41608777391204943,apollo32,Cervix
SKGII,RNF31,13,13,0,0.002981346552578375,0.002981346552578375,0.0029813465525783747,0.014899253817454139,0.014899253817454139,apollo32,Cervix
SKGII,SCYL1,13,7,1,0.003216802886443444,0.0025575746113685673,0.0028878099613980322,0.28844486920087936,0.26363650334999245,apollo32,Cervix
SKGII,SDHB,13,6,1,0.0027382604337956354,0.002180920101204412,0.0024033162669260325,0.14227275204364337,0.23435747521610711,apollo32,Cervix
SKGII,SEC23IP,13,9,1,0.004738691882751751,0.0039645713244312614,0.004067223422010011,0.10168323573530251,0.13858529053443588,apollo32,Cervix
SKGII,SLC20A1,13,3,1,0.0023779861768333326,0.001958572899795177,0.0026857312706629203,0.1576348283556186,0.17704046676360471,apollo32,Cervix
SKGII,SLC25A3,13,13,0,0.002001118171286963,0.002001118171286963,0.0020011181712869634,0.14576799813961114,0.14576799813961114,apollo32,Cervix
SKGII,SLC39A10,13,11,1,0.005978440950725018,0.005603312990738311,0.005712475304823627,0.5441334647759424,0.5535461876413128,apollo32,Cervix
SKGII,SLC39A9,13,3,1,0.002602059494570157,0.0021076840554010686,0.0026475551321893803,0.20613681697849554,0.1604807353974868,apollo32,Cervix
SKGII,SMCHD1,13,4,1,0.002013779684592306,0.0013772661774884602,0.0018059467316229273,-0.011261158835374768,0.03206622429836105,apollo32,Cervix
SKGII,SMG6,13,13,0,0.00503650792309619,0.00503650792309619,0.005036507923096191,0.740460154629724,0.740460154629724,apollo32,Cervix
SKGII,SPRING1,13,5,1,0.0026941843569063717,0.0018585823147612244,0.002146215748483317,0.13003455458737326,0.205300394386598,apollo32,Cervix
SKGII,STEAP3,13,13,0,0.0019958631144091593,0.0019958631144091593,0.0019958631144091593,0.11692525008818232,0.11692525008818232,apollo32,Cervix
SKGII,STXBP3,13,7,1,0.004625799337479508,0.003331479959516208,0.0035905090239387407,-0.05481450844781938,-0.0026337880835789716,apollo32,Cervix
SKGII,SUZ12,13,10,1,0.002197175470262758,0.0021791212192387274,0.0022525766945180226,0.43611346386886213,0.42366242401045606,apollo32,Cervix
SKGII,TFRC,13,7,1,0.003573284090609279,0.002245288511996636,0.002620558226730565,0.20242785691171986,0.2168050486796187,apollo32,Cervix
SKGII,TRAF2,13,13,0,0.0038860722182753452,0.0038860722182753452,0.003886072218275346,0.0696811293801996,0.0696811293801996,apollo32,Cervix
SKGII,TRAIP,13,8,1,0.0029464626594887344,0.002446336183250298,0.0026809967174444187,0.20828110557177626,0.18920984231232843,apollo32,Cervix
SKGII,TWNK,13,6,1,0.0020715513782442853,0.001761434973206168,0.0019762896747831933,0.07800054421537427,0.12720434468311143,apollo32,Cervix
SKGII,TXN,13,4,1,0.0021507945234917076,0.0018785017774691313,0.002312583422315738,0.25246434121726785,0.2830056309771766,apollo32,Cervix
SKGII,TYMS,13,4,1,0.0030934191332870004,0.002394283901013524,0.0029017382528685994,0.136751927004319,0.10960265822691333,apollo32,Cervix
SKGII,UBA5,13,12,1,0.0023853999242979596,0.002515087065138623,0.0025281728320361006,0.41187030587723855,0.37186811148942045,apollo32,Cervix
SKGII,UBE2C,13,5,1,0.004427231105230905,0.00349841854864203,0.003795122403258078,-0.023579765513931327,0.07459800302862918,apollo32,Cervix
SKGII,UBE2D3,13,8,1,0.005535170965650078,0.004389084398929498,0.004611244125030963,0.026592386055955028,0.06549585308720374,apollo32,Cervix
SKGII,UBE2G2,13,4,1,0.0018845009404149318,0.001478059378128461,0.00186969551067184,0.2015993666066327,0.17088931519925046,apollo32,Cervix
SKGII,UBE2H,13,7,1,0.0030408107555883537,0.003088748768245095,0.003302423664666205,0.4315968687730268,0.3764241516545408,apollo32,Cervix
SKGII,UBE2S,13,13,0,0.007088262535575801,0.007088262535575801,0.007088262535575804,0.1430116311964872,0.1430116311964872,apollo32,Cervix
SKGII,UBE3A,13,13,0,0.014561098753565108,0.014561098753565108,0.0145610987535651,0.46142287239010055,0.46142287239010055,apollo32,Cervix
SKGII,UFL1,13,5,1,0.0020379927951608605,0.0018139394383355875,0.002121380080204889,0.15771366011698404,0.13861819697143316,apollo32,Cervix
SKGII,USP37,12,12,0,0.0030668976930549718,0.0030668976930549718,0.0030668976930549726,0.0771215410172608,0.0771215410172608,apollo32,Cervix
SKGII,WDR48,13,13,0,0.0026936368354410377,0.0026936368354410377,0.0026936368354410372,0.13309674956884818,0.13309674956884818,apollo32,Cervix
SKGII,WDR89,13,13,0,0.0028322392027095885,0.0028322392027095885,0.0028322392027095877,-0.01364001202073762,-0.01364001202073762,apollo32,Cervix
SKGII,XRN1,13,13,0,0.0031548738571368375,0.0031548738571368375,0.0031548738571368366,0.652593875083634,0.652593875083634,apollo32,Cervix
SKGII,YTHDF2,13,13,0,0.004326302063745914,0.004326302063745914,0.0043263020637459145,0.3864373888978542,0.3864373888978542,apollo32,Cervix
SLR23,ADAR,12,10,1,0.019373197781515285,0.020480411720207037,0.020562420741550225,0.551313016581256,0.5436674062631861,apollo32,Kidney
SLR23,ADAT2,13,13,0,0.004411931256453336,0.004411931256453336,0.004411931256453337,0.12460544407413134,0.12460544407413134,apollo32,Kidney
SLR23,AP2M1,13,8,1,0.005254419776863447,0.004596241236185147,0.004789934237134146,0.1564549801517958,0.18303512870226135,apollo32,Kidney
SLR23,ATF4,13,7,1,0.007132090465312859,0.0071111189219767645,0.007332945745711787,0.18715990988122336,0.1317657473646656,apollo32,Kidney
SLR23,ATP5PO,13,8,1,0.004945243768371748,0.003921154951751477,0.004059750753467527,0.009449745906510914,0.029241015559410596,apollo32,Kidney
SLR23,BCL2L2,13,13,0,0.0036732558612202508,0.0036732558612202508,0.00367325586122025,0.17961388574434378,0.17961388574434378,apollo32,Kidney
SLR23,BRD4,13,13,0,0.02114010557630555,0.02114010557630555,0.021140105576305544,0.5503391201039358,0.5503391201039358,apollo32,Kidney
SLR23,C3orf38,13,6,1,0.012379618402300398,0.00993895771711322,0.010153021762551433,-0.5575436806132623,-0.32922309945279604,apollo32,Kidney
SLR23,CAB39,13,10,1,0.015058775420367803,0.01642075572033652,0.01649400019715641,0.5224858031940591,0.4053095821542786,apollo32,Kidney
SLR23,CCDC51,13,7,1,0.0063931672413292655,0.006824637334493375,0.007098226568331745,0.4833337304862086,0.5144662292862565,apollo32,Kidney
SLR23,CCNE1,13,4,1,0.004900207697342309,0.004434015812173882,0.005143596385362275,0.11224578869902736,0.14303834961996822,apollo32,Kidney
SLR23,CD46,13,13,0,0.00529599233267576,0.00529599233267576,0.00529599233267576,0.12882297480781443,0.12882297480781443,apollo32,Kidney
SLR23,CDK4,13,13,0,0.005376933264197387,0.005376933264197387,0.005376933264197387,0.26336673177422826,0.26336673177422826,apollo32,Kidney
SLR23,CLPB,13,10,1,0.008692942182495425,0.008827986449361296,0.008892178434233176,0.3537450836187538,0.34480137893108753,apollo32,Kidney
SLR23,COX5B,13,8,1,0.004947238969335457,0.004911193174112297,0.005038969645326781,0.23826485755294394,0.2250946020233215,apollo32,Kidney
SLR23,DCLRE1B,13,5,1,0.0038440498412782844,0.0035802120371393564,0.003884662901217564,0.19509758945684819,0.2289118395795477,apollo32,Kidney
SLR23,DNAJC13,13,6,1,0.005465479787382111,0.005037493356581457,0.005306908681562111,0.08053005901752364,0.08004252070344434,apollo32,Kidney
SLR23,EEFSEC,13,7,1,0.011343005647673024,0.011228430494265163,0.011392189383305768,0.13170120084496098,0.19305619699868817,apollo32,Kidney
SLR23,FBXO7,13,3,1,0.004334068406343614,0.004233679552303754,0.004821871192612262,0.1357051680531027,0.1803530259838379,apollo32,Kidney
SLR23,GET4,13,13,0,0.008441145495019847,0.008441145495019847,0.008441145495019847,0.1474007563540919,0.1474007563540919,apollo32,Kidney
SLR23,HDAC3,13,13,0,0.00957296710639483,0.00957296710639483,0.009572967106394827,0.30410776568151465,0.30410776568151465,apollo32,Kidney
SLR23,IBA57,13,13,0,0.0034258354409618112,0.0034258354409618112,0.003425835440961811,0.1312158516946017,0.1312158516946017,apollo32,Kidney
SLR23,IER3IP1,13,4,1,0.006356483767222081,0.0032335336509923163,0.0037747270368016224,-0.14069976304513704,-0.0979622140135911,apollo32,Kidney
SLR23,KCTD5,13,3,1,0.009594584822255456,0.009457784347112018,0.010141357922903922,0.365589208829936,0.3068188049953642,apollo32,Kidney
SLR23,KIF2C,13,10,1,0.013056839508448121,0.013430160134601233,0.013502519579723444,-0.008715459310451786,-0.04504478870098416,apollo32,Kidney
SLR23,LRP8,13,7,1,0.006495739214971567,0.007039352330247405,0.007233764014997064,0.40196940284332283,0.31478090984511703,apollo32,Kidney
SLR23,MAD2L1,9,9,0,0.008983887928915914,0.008983887928915914,0.008983887928915914,0.2878807376349774,0.2878807376349774,apollo32,Kidney
SLR23,MAPK1,13,4,1,0.007878103981657818,0.0070924299108446115,0.007516646672746192,0.023436322841883163,-0.030334562896244182,apollo32,Kidney
SLR23,METAP1,13,6,1,0.006331998307881177,0.005831633010373607,0.006153515248931679,0.09280583670461337,0.10600849843100653,apollo32,Kidney
SLR23,METTL1,13,6,1,0.004610825553541819,0.004565037892897456,0.0047727543777955645,0.09770579199530585,0.12063523725720302,apollo32,Kidney
SLR23,MIB1,13,13,0,0.007279616874657693,0.007279616874657693,0.007279616874657695,0.22932135265201298,0.22932135265201298,apollo32,Kidney
SLR23,MIPEP,13,5,1,0.0034539815478818363,0.003174702410495481,0.0033750006762481802,-0.04248226227018956,-0.01199925642977621,apollo32,Kidney
SLR23,MTOR,13,13,0,0.005624099163512833,0.005624099163512833,0.005624099163512835,0.6705742731221707,0.6705742731221707,apollo32,Kidney
SLR23,MTPAP,13,13,0,0.005272548500467677,0.005272548500467677,0.005272548500467679,0.816856819821754,0.816856819821754,apollo32,Kidney
SLR23,N6AMT1,13,13,0,0.004685827884820908,0.004685827884820908,0.004685827884820909,0.22563388580224142,0.22563388580224142,apollo32,Kidney
SLR23,NFKB1,13,13,0,0.005187375432723288,0.005187375432723288,0.005187375432723287,0.14752882895934666,0.14752882895934666,apollo32,Kidney
SLR23,NHLRC2,13,13,0,0.004916203731669582,0.004916203731669582,0.00491620373166958,-0.016725600484593862,-0.016725600484593862,apollo32,Kidney
SLR23,PIK3CA,13,7,1,0.0041513513995367615,0.0034617391612563994,0.0036852841329624896,0.1172143657865544,0.09490564026017913,apollo32,Kidney
SLR23,PITRM1,13,4,1,0.004804005492930008,0.004670543467445311,0.005040409764502453,0.15255651358271427,0.11451938327363657,apollo32,Kidney
SLR23,PKMYT1,12,11,1,0.0054368345381397756,0.00539923504930527,0.0054260041940005395,0.19363155248353625,0.18966458833029695,apollo32,Kidney
SLR23,PPIL1,13,3,1,0.0035908226469350607,0.002971880575831549,0.0037421333869010376,0.19540259273038696,0.23678414216510082,apollo32,Kidney
SLR23,PPP2R2A,13,11,1,0.004651075367865514,0.004450837817087157,0.00448157143709253,0.0698734785292224,0.10831767112872186,apollo32,Kidney
SLR23,PRKRA,13,8,1,0.01157261885213556,0.011315248732923687,0.011576264916785301,0.22914769270061164,0.24619540320987704,apollo32,Kidney
SLR23,RAB18,13,13,0,0.006948418086262263,0.006948418086262263,0.006948418086262262,0.12894136940239742,0.12894136940239742,apollo32,Kidney
SLR23,RAB7A,13,11,1,0.005027957008014202,0.004874061943034289,0.004914495342017301,0.07571756363979652,0.0788209639580221,apollo32,Kidney
SLR23,RHOA,13,12,1,0.006529242563545221,0.006373555831015745,0.006398437677456693,0.0651262754130272,0.07634534381894464,apollo32,Kidney
SLR23,RNF31,13,13,0,0.004001979814277707,0.004001979814277707,0.004001979814277705,0.10739133179888723,0.10739133179888723,apollo32,Kidney
SLR23,SCYL1,13,7,1,0.008586259888125695,0.00677550828072242,0.007135746320731847,0.040478545806217014,0.16433263738664572,apollo32,Kidney
SLR23,SDHB,13,6,1,0.005090524177267489,0.004867663958141892,0.005087201446445853,0.1710052777560791,0.1629982164477526,apollo32,Kidney
SLR23,SEC23IP,13,9,1,0.01983839675619316,0.021750366763564562,0.021886966183290654,0.6617195870162187,0.6328062488583359,apollo32,Kidney
SLR23,SLC20A1,13,3,1,0.005271333013489665,0.004681906932748007,0.0054126557432192185,-0.0723702669031018,-0.09129910724070298,apollo32,Kidney
SLR23,SLC25A3,13,13,0,0.0034539647721276144,0.0034539647721276144,0.0034539647721276152,0.14954118413549947,0.14954118413549947,apollo32,Kidney
SLR23,SLC39A10,13,11,1,0.006671608275685418,0.006022527777416105,0.006131504464330351,0.3924259139043729,0.4167845326073357,apollo32,Kidney
SLR23,SLC39A9,13,3,1,0.0033261559468574942,0.0031336252708653372,0.003673111023860602,0.31503158009570864,0.258124961756011,apollo32,Kidney
SLR23,SMCHD1,13,4,1,0.008940403224699632,0.009392991869852672,0.009834147834347214,0.34062881938626893,0.2839239048927113,apollo32,Kidney
SLR23,SMG6,13,13,0,0.019180165931481842,0.019180165931481842,0.019180165931481842,0.5019479199986231,0.5019479199986231,apollo32,Kidney
SLR23,SPRING1,13,5,1,0.0051621424320767665,0.005899201823987124,0.006183432295567587,0.2962896625588933,0.21142316627741797,apollo32,Kidney
SLR23,STEAP3,13,13,0,0.006725566403764986,0.006725566403764986,0.0067255664037649855,0.05155271505944444,0.05155271505944444,apollo32,Kidney
SLR23,STXBP3,13,7,1,0.00992401136003975,0.0110533734486661,0.01131601371095658,0.4977998300966272,0.5121232084590381,apollo32,Kidney
SLR23,SUZ12,13,10,1,0.007457589088091661,0.00730207082313613,0.007377161090544342,0.12679254911725701,0.1340821190843687,apollo32,Kidney
SLR23,TFRC,13,7,1,0.01662868653522996,0.013479063222469627,0.013849116225276837,-0.1878044293207238,-0.022721707750994902,apollo32,Kidney
SLR23,TRAF2,13,13,0,0.004486494853376081,0.004486494853376081,0.004486494853376081,0.08346163024037333,0.08346163024037333,apollo32,Kidney
SLR23,TWNK,13,6,1,0.0045634238949867605,0.0042945105632199,0.0045077373539493685,0.20052308862399093,0.2563506441636409,apollo32,Kidney
SLR23,TXN,13,4,1,0.004277727824465639,0.003725590670930837,0.004168958953527206,0.05631128599623607,0.05260494786490935,apollo32,Kidney
SLR23,TYMS,13,4,1,0.0046036995513591885,0.003490551992551344,0.0039914891693605264,0.03212939830372834,0.03250289455723577,apollo32,Kidney
SLR23,UBA5,13,12,1,0.005378708532998745,0.005524539993351859,0.005538294991810379,0.2790348310193095,0.23041284109312457,apollo32,Kidney
SLR23,UBE2C,13,5,1,0.006149078674028648,0.0071691267385233645,0.007469390499004846,0.3899619081736827,0.21548816566076476,apollo32,Kidney
SLR23,UBE2G2,13,4,1,0.006081380768621633,0.005365980190935947,0.005759404911306302,0.08064107422789793,0.12886603098485144,apollo32,Kidney
SLR23,UBE2H,13,7,1,0.007008524630291862,0.007755390081960655,0.007963467411443088,0.49845282066237956,0.42082260360898194,apollo32,Kidney
SLR23,UBE2S,13,13,0,0.0037046760431833532,0.0037046760431833532,0.003704676043183351,-0.011397962627119411,-0.011397962627119411,apollo32,Kidney
SLR23,UBE3A,13,13,0,0.003439315510386334,0.003439315510386334,0.0034393155103863357,0.0650431229757228,0.0650431229757228,apollo32,Kidney
SLR23,UFL1,13,5,1,0.004286263081298688,0.003876379442690854,0.004179062612472697,0.1363083159049921,0.196207842436566,apollo32,Kidney
SLR23,WDR48,13,13,0,0.01548244664815557,0.01548244664815557,0.01548244664815557,-0.030531215342824287,-0.030531215342824287,apollo32,Kidney
SLR23,WDR89,13,13,0,0.005284180201389216,0.005284180201389216,0.005284180201389215,0.0794694438523389,0.0794694438523389,apollo32,Kidney
SLR23,XRN1,13,13,0,0.006081527056639766,0.006081527056639766,0.006081527056639767,0.5662102316253138,0.5662102316253138,apollo32,Kidney
SLR23,YTHDF2,13,13,0,0.005794255684218687,0.005794255684218687,0.005794255684218685,0.2954969120610079,0.2954969120610079,apollo32,Kidney
SNU8,ADAR,12,10,1,0.0058018431277603215,0.00467393897863854,0.004810954946372006,0.2760940604878017,0.28211113622146405,apollo35,Ovary/Fallopian Tube
SNU8,ADAT2,13,13,0,0.0016295021068027746,0.0016295021068027746,0.0016295021068027742,0.11133426681819844,0.11133426681819844,apollo35,Ovary/Fallopian Tube
SNU8,AP2M1,13,10,1,0.0038434422696869467,0.0036653193468373663,0.0037597760693993242,0.2012409289868718,0.18659674199163825,apollo35,Ovary/Fallopian Tube
SNU8,ATF4,13,9,1,0.003901008842463031,0.0037984047654611814,0.003920238748197783,0.08249366426492931,0.04886065519826239,apollo35,Ovary/Fallopian Tube
SNU8,ATP5PO,13,9,1,0.003220148423677435,0.0026390488841921997,0.002745686303523023,0.1447477813664464,0.17775025899126204,apollo35,Ovary/Fallopian Tube
SNU8,BCL2L2,13,3,1,0.0027471900385031504,0.0022210834136703653,0.0028091007701382897,0.130802155160353,0.1274522603861147,apollo35,Ovary/Fallopian Tube
SNU8,BRD4,13,13,0,0.011692020090594587,0.011692020090594587,0.011692020090594585,0.4303056080589006,0.4303056080589006,apollo35,Ovary/Fallopian Tube
SNU8,C3orf38,13,13,0,0.00363384893271036,0.00363384893271036,0.003633848932710361,0.08935062456992911,0.08935062456992911,apollo35,Ovary/Fallopian Tube
SNU8,CAB39,13,11,1,0.0046927319668923625,0.0044677091921650515,0.004526928129032312,0.3610451195398407,0.38207530995797423,apollo35,Ovary/Fallopian Tube
SNU8,CCDC51,13,5,1,0.005973365754224327,0.0036168819937930103,0.004191324122440976,0.13098901221599407,0.15877412637448077,apollo35,Ovary/Fallopian Tube
SNU8,CCNE1,13,4,1,0.021359181295590793,0.021753223670121145,0.022227059806776802,0.2238709289292048,0.24723589277310737,apollo35,Ovary/Fallopian Tube
SNU8,CD46,13,13,0,0.003370630940737986,0.003370630940737986,0.0033706309407379865,0.055913406057334074,0.055913406057334074,apollo35,Ovary/Fallopian Tube
SNU8,CDK4,13,13,0,0.0029254982345399056,0.0029254982345399056,0.002925498234539907,0.13799540499296545,0.13799540499296545,apollo35,Ovary/Fallopian Tube
SNU8,CLPB,13,12,1,0.004415430523181899,0.0042600963978130044,0.004280756460821453,-0.10358110034778044,-0.10176024575244517,apollo35,Ovary/Fallopian Tube
SNU8,COX5B,13,8,1,0.002638791454392124,0.002393460441472633,0.0025341435936829964,0.26211116527311645,0.2697018674159273,apollo35,Ovary/Fallopian Tube
SNU8,DCLRE1B,13,7,1,0.003331248595058078,0.0033717866476881517,0.0035470355874522436,0.19788289731876726,0.1430890582293308,apollo35,Ovary/Fallopian Tube
SNU8,DNAJC13,13,7,1,0.0038286661123040655,0.003456506150858846,0.0036434651437455097,0.14278752020854713,0.17239981101244234,apollo35,Ovary/Fallopian Tube
SNU8,EEFSEC,13,9,1,0.0033165676404455853,0.0030230990514247187,0.0031249055240729112,0.0780661251930258,0.10237706020429083,apollo35,Ovary/Fallopian Tube
SNU8,FBXO7,13,3,1,0.0034849560985917177,0.0030244245430571383,0.0036697164231028305,0.022637653463652423,0.02542450584360879,apollo35,Ovary/Fallopian Tube
SNU8,GET4,13,13,0,0.002263549658077127,0.002263549658077127,0.0022635496580771268,0.016645523145165278,0.016645523145165278,apollo35,Ovary/Fallopian Tube
SNU8,GPX4,12,3,1,0.00499319125916187,0.00354440169816365,0.004530138033599954,0.2523161236962423,0.19836366549348855,apollo35,Ovary/Fallopian Tube
SNU8,HDAC3,13,13,0,0.005223706051242451,0.005223706051242451,0.00522370605124245,0.36254435853870837,0.36254435853870837,apollo35,Ovary/Fallopian Tube
SNU8,IBA57,13,13,0,0.0028615783236021013,0.0028615783236021013,0.0028615783236021004,0.06283522520495848,0.06283522520495848,apollo35,Ovary/Fallopian Tube
SNU8,IER3IP1,13,4,1,0.004140339664841879,0.0019105669416413292,0.002469754602014293,0.13252596884624337,0.1153016463360353,apollo35,Ovary/Fallopian Tube
SNU8,KCTD5,13,4,1,0.003053595308677294,0.0023426806545450286,0.002895421809458024,0.14016762217278572,0.16781062800871377,apollo35,Ovary/Fallopian Tube
SNU8,KIF2C,13,6,1,0.0033479649450953684,0.003176150747770596,0.0035217147684588283,0.22241275600605462,0.22685255869050167,apollo35,Ovary/Fallopian Tube
SNU8,LRP8,13,8,1,0.004064965128946263,0.003677989357308032,0.003826983428464996,0.08070641051006235,0.08340363156789851,apollo35,Ovary/Fallopian Tube
SNU8,MAD2L1,7,7,0,0.01921960901761499,0.01921960901761499,0.01921960901761499,0.38315151561887933,0.38315151561887933,apollo35,Ovary/Fallopian Tube
SNU8,MAPK1,13,6,1,0.002752390901568499,0.002579459645122684,0.0028354836863354062,0.11974918560198472,0.10387011842901699,apollo35,Ovary/Fallopian Tube
SNU8,MDM2,11,3,1,0.0037797429227176623,0.002973177444719739,0.0036280915631440986,0.026079635907114738,0.02417070462170991,apollo35,Ovary/Fallopian Tube
SNU8,METAP1,13,5,1,0.0044743521223462685,0.003701879207386564,0.004100054105890722,0.046055549496681274,0.10298247580798632,apollo35,Ovary/Fallopian Tube
SNU8,METTL1,13,6,1,0.0026680214664218907,0.0023883465275266217,0.002611466352184272,0.1254925269813279,0.13032678290305777,apollo35,Ovary/Fallopian Tube
SNU8,MIB1,13,13,0,0.004349394007574357,0.004349394007574357,0.004349394007574357,0.16404052131436878,0.16404052131436878,apollo35,Ovary/Fallopian Tube
SNU8,MIPEP,13,4,1,0.00236807074258987,0.002030782368713816,0.0023432093278198804,0.1138803623812288,0.2211096087483051,apollo35,Ovary/Fallopian Tube
SNU8,MTOR,13,13,0,0.004954392930382706,0.004954392930382706,0.004954392930382705,0.5401907326657263,0.5401907326657263,apollo35,Ovary/Fallopian Tube
SNU8,MTPAP,13,13,0,0.004025453051594692,0.004025453051594692,0.004025453051594692,0.8151257672442802,0.8151257672442802,apollo35,Ovary/Fallopian Tube
SNU8,MYC,12,12,0,0.01856492910823757,0.01856492910823757,0.018564929108237573,0.5770362805238399,0.5770362805238399,apollo35,Ovary/Fallopian Tube
SNU8,N6AMT1,13,3,1,0.00437847910203814,0.004220541042448762,0.004904919741627944,0.22846097837970908,0.16350196410126036,apollo35,Ovary/Fallopian Tube
SNU8,NFKB1,13,13,0,0.0036237230651721035,0.0036237230651721035,0.0036237230651721044,0.18574443705719484,0.18574443705719484,apollo35,Ovary/Fallopian Tube
SNU8,NHLRC2,13,13,0,0.002401798983785557,0.002401798983785557,0.0024017989837855575,-0.04065945095306242,-0.04065945095306242,apollo35,Ovary/Fallopian Tube
SNU8,NRBP1,12,11,1,0.010739695738837662,0.010695699308208236,0.010738412024312317,0.3982242981209575,0.3983439503785124,apollo35,Ovary/Fallopian Tube
SNU8,PIK3CA,13,7,1,0.008621501703181128,0.009408369159292745,0.009604127198481058,0.39071084985712573,0.33095124594177194,apollo35,Ovary/Fallopian Tube
SNU8,PITRM1,13,4,1,0.0034971838747421447,0.003119650162636459,0.003538037199194756,0.001990711900436971,-0.005695625869597133,apollo35,Ovary/Fallopian Tube
SNU8,PKMYT1,12,10,1,0.004992956034269259,0.004979496341750837,0.005039314541364346,0.266298021785651,0.2692968547261802,apollo35,Ovary/Fallopian Tube
SNU8,POLR2D,10,10,0,0.014313375156872598,0.014313375156872598,0.014313375156872596,0.5855671948670057,0.5855671948670057,apollo35,Ovary/Fallopian Tube
SNU8,PPIL1,13,7,1,0.0036347241115845985,0.0033524877571633103,0.0035486499409271336,0.09382280710046725,0.1299250928988476,apollo35,Ovary/Fallopian Tube
SNU8,PPP2R2A,13,8,1,0.0024402952011413834,0.002380052638087086,0.0024996380394028124,0.23741128057083918,0.2122167848241319,apollo35,Ovary/Fallopian Tube
SNU8,PRKRA,13,8,1,0.004558415746177738,0.0034597400679463835,0.0037381430558329418,0.15745953394831824,0.14400775670034446,apollo35,Ovary/Fallopian Tube
SNU8,RAB18,13,3,1,0.0034741501293059,0.0025666697209695104,0.0034123868917217298,0.06272858994293,0.10416448222890688,apollo35,Ovary/Fallopian Tube
SNU8,RAB7A,13,9,1,0.003561112856594158,0.0031058523218853926,0.0032348088139865856,0.23837846827502768,0.2343262090759155,apollo35,Ovary/Fallopian Tube
SNU8,RAD51,11,9,1,0.0057679961300253465,0.00544601205738207,0.005584643094977334,0.29400647597640395,0.3014984413219661,apollo35,Ovary/Fallopian Tube
SNU8,RHOA,13,12,1,0.010100475232264192,0.010267734824038572,0.010294566248711461,0.4134010376309174,0.3944048054585759,apollo35,Ovary/Fallopian Tube
SNU8,RNF31,13,13,0,0.006620071031756264,0.006620071031756264,0.006620071031756266,0.22552031129560307,0.22552031129560307,apollo35,Ovary/Fallopian Tube
SNU8,SCYL1,13,9,1,0.003759993045794829,0.003205257622075841,0.003387342825175355,0.045419086043830194,0.044876026059157414,apollo35,Ovary/Fallopian Tube
SNU8,SDHB,13,8,1,0.0034206009981162582,0.0031356317560910165,0.0032612437304245486,0.0989755308326452,0.11508708812195892,apollo35,Ovary/Fallopian Tube
SNU8,SEC23IP,13,6,1,0.003995499925432952,0.0030035126950442993,0.0034045135591044273,0.3745334512139998,0.38326357483855167,apollo35,Ovary/Fallopian Tube
SNU8,SLC20A1,13,13,0,0.002588255823816218,0.002588255823816218,0.0025882558238162186,0.11172659166039378,0.11172659166039378,apollo35,Ovary/Fallopian Tube
SNU8,SLC25A3,13,13,0,0.0037441015067135684,0.0037441015067135684,0.0037441015067135666,0.03585623235587729,0.03585623235587729,apollo35,Ovary/Fallopian Tube
SNU8,SLC39A10,13,12,1,0.007458117384535928,0.006705471396913219,0.0067566094016427445,0.14785033646460588,0.16616397463537455,apollo35,Ovary/Fallopian Tube
SNU8,SLC39A9,13,13,0,0.0023343368808629254,0.0023343368808629254,0.0023343368808629245,0.13797391502020467,0.13797391502020467,apollo35,Ovary/Fallopian Tube
SNU8,SMCHD1,13,4,1,0.0049150279661371536,0.0024573997648575734,0.0029805196926182996,-0.026614367650152328,0.010326630425591047,apollo35,Ovary/Fallopian Tube
SNU8,SMG6,13,13,0,0.004789111204175409,0.004789111204175409,0.004789111204175409,0.8039414754154005,0.8039414754154005,apollo35,Ovary/Fallopian Tube
SNU8,SPRING1,13,4,1,0.003073029052624335,0.002402106180492712,0.0028550882942270073,0.21065396399919636,0.09626327883915291,apollo35,Ovary/Fallopian Tube
SNU8,STEAP3,13,13,0,0.0048184953417968355,0.0048184953417968355,0.004818495341796835,-0.02112464117677621,-0.02112464117677621,apollo35,Ovary/Fallopian Tube
SNU8,STXBP3,13,9,1,0.0035712283146585584,0.0028249754900211035,0.0029857885718571047,0.22136831872493917,0.20511413323887073,apollo35,Ovary/Fallopian Tube
SNU8,SUZ12,13,9,1,0.0037403583152224944,0.0035119202957644533,0.003640542962953507,0.1661560457032048,0.18575405490873112,apollo35,Ovary/Fallopian Tube
SNU8,TFRC,13,6,1,0.006217360015162771,0.005334497078507376,0.005924009700866605,0.08634714220766719,0.10020809662017294,apollo35,Ovary/Fallopian Tube
SNU8,TRAF2,13,3,1,0.007667044976297037,0.0062456627817975025,0.00721078285357034,0.03968566917541948,0.13418522858707851,apollo35,Ovary/Fallopian Tube
SNU8,TRAIP,12,9,1,0.0033693590878656385,0.003020250806661642,0.0031602358528782606,0.10811546995042957,0.09300086612019642,apollo35,Ovary/Fallopian Tube
SNU8,TWNK,13,7,1,0.00353373611965036,0.003100391775613453,0.0032727731103721434,0.05235742439525737,0.14788443376818322,apollo35,Ovary/Fallopian Tube
SNU8,TXN,13,5,1,0.003972955119132956,0.003629636369991589,0.003949629795791988,-0.0032239279109605784,0.04496191697150032,apollo35,Ovary/Fallopian Tube
SNU8,TYMS,13,13,0,0.002822082904599082,0.002822082904599082,0.002822082904599082,0.14793647938069715,0.14793647938069715,apollo35,Ovary/Fallopian Tube
SNU8,UBA5,13,11,1,0.0023199136396926607,0.0021935285535746234,0.002227002912734525,0.24901582479652892,0.2512545311878332,apollo35,Ovary/Fallopian Tube
SNU8,UBE2C,13,6,1,0.0028394880881044554,0.002580250678245682,0.0028460519447133237,0.1389541927113482,0.1305328846710105,apollo35,Ovary/Fallopian Tube
SNU8,UBE2D3,11,6,1,0.0058176876238773025,0.005659022268164594,0.006015251393283111,0.27951793912502,0.2718227410341636,apollo35,Ovary/Fallopian Tube
SNU8,UBE2G2,13,7,1,0.00575072015636108,0.0049993783998035024,0.005148685408476627,-0.266478392365043,-0.20114669150187353,apollo35,Ovary/Fallopian Tube
SNU8,UBE2H,13,9,1,0.005220356842770701,0.005214583985335637,0.005336301738810243,0.4042501072185229,0.3834608535023731,apollo35,Ovary/Fallopian Tube
SNU8,UBE2S,13,5,1,0.004856769554011854,0.004142531805300545,0.004543241240695346,0.025769986038583218,-0.02009691654348144,apollo35,Ovary/Fallopian Tube
SNU8,UBE3A,13,4,1,0.006705617811005027,0.002155615829153844,0.0029495327344632337,-0.001744783071200434,0.038108821472999536,apollo35,Ovary/Fallopian Tube
SNU8,UFL1,13,4,1,0.0038205409344642307,0.003384645092476938,0.003835641213879142,0.08671520811385024,0.1247575424272453,apollo35,Ovary/Fallopian Tube
SNU8,USP37,12,12,0,0.005281107929699015,0.005281107929699015,0.005281107929699015,-0.005248255286186179,-0.005248255286186179,apollo35,Ovary/Fallopian Tube
SNU8,WDR48,13,13,0,0.0034843390315583964,0.0034843390315583964,0.003484339031558397,0.12776481882554153,0.12776481882554153,apollo35,Ovary/Fallopian Tube
SNU8,WDR89,13,13,0,0.005136651043662056,0.005136651043662056,0.005136651043662054,-0.07041650925790188,-0.07041650925790188,apollo35,Ovary/Fallopian Tube
SNU8,XRN1,13,13,0,0.003948382412532214,0.003948382412532214,0.003948382412532215,0.6262711802911812,0.6262711802911812,apollo35,Ovary/Fallopian Tube
SNU8,YTHDF2,13,13,0,0.0037140576244097936,0.0037140576244097936,0.003714057624409794,0.42482403400428637,0.42482403400428637,apollo35,Ovary/Fallopian Tube
T3M5,ADAT2,12,12,0,0.0019051745166073243,0.0019051745166073243,0.0019051745166073246,0.04680565459006693,0.04680565459006693,apollo34,Head and Neck
T3M5,AP2M1,12,4,1,0.005133187319268296,0.00480461903293,0.005512359875957892,0.40957596768478743,0.42696240366952026,apollo34,Head and Neck
T3M5,ATF4,12,7,1,0.003275058693644052,0.0032547151565230675,0.0034751984926289273,0.2765505671317672,0.22015350015720137,apollo34,Head and Neck
T3M5,ATP5PO,12,7,1,0.003400114508467886,0.0023312198886101675,0.0025311495131544524,0.1985818721814241,0.23405749930831138,apollo34,Head and Neck
T3M5,BCL2L2,12,12,0,0.002601843516038439,0.002601843516038439,0.0026018435160384402,0.12263233722125848,0.12263233722125848,apollo34,Head and Neck
T3M5,BRD4,12,12,0,0.013026310882576072,0.013026310882576072,0.013026310882576077,0.6030275903827786,0.6030275903827786,apollo34,Head and Neck
T3M5,C3orf38,12,5,1,0.003298719993279104,0.002574409722301892,0.003059882539443318,0.1651629027774364,0.22703419672362393,apollo34,Head and Neck
T3M5,CAB39,12,10,1,0.005588139922845552,0.005149742390706356,0.005216190847290675,0.10119431979163102,0.14438219156857174,apollo34,Head and Neck
T3M5,CCDC51,12,3,1,0.00652880793372235,0.008449403192944382,0.009672618905836238,0.5580700037506534,0.46022812703011157,apollo34,Head and Neck
T3M5,CCNE1,12,3,1,0.0029998019138040228,0.002779966723571607,0.003920872594330421,0.26416548361743863,0.28578559412363996,apollo34,Head and Neck
T3M5,CD46,12,12,0,0.0025005046449856167,0.0025005046449856167,0.002500504644985617,0.08056977039791574,0.08056977039791574,apollo34,Head and Neck
T3M5,CDK4,12,12,0,0.002768470941557668,0.002768470941557668,0.0027684709415576676,0.13267860476375523,0.13267860476375523,apollo34,Head and Neck
T3M5,CLPB,12,11,1,0.0025940914704865037,0.002615226526641994,0.0026426103527454545,0.3959664006935879,0.37668853740139646,apollo34,Head and Neck
T3M5,COX5B,12,8,1,0.004339616045490312,0.00364491544028152,0.0037692984134851965,0.010627812476896002,0.13175493702181632,apollo34,Head and Neck
T3M5,DCLRE1B,12,5,1,0.002467153094935433,0.002278249117856455,0.002601832955725708,0.2654828844751515,0.26156324746129556,apollo34,Head and Neck
T3M5,DNAJC13,12,6,1,0.0034349107751282136,0.003164705310658111,0.003436263643130191,0.1316590636327115,0.1506628596226071,apollo34,Head and Neck
T3M5,EEFSEC,12,10,1,0.0036684897908906594,0.003427302890813296,0.003480456274831477,-0.04753252827836869,-0.009613639368959082,apollo34,Head and Neck
T3M5,FBXO7,12,12,0,0.0032526650222784188,0.0032526650222784188,0.003252665022278418,0.13649683755256434,0.13649683755256434,apollo34,Head and Neck
T3M5,GET4,12,12,0,0.0024179332639297987,0.0024179332639297987,0.0024179332639297987,-0.0059318926678928125,-0.0059318926678928125,apollo34,Head and Neck
T3M5,GPX4,11,7,1,0.004570682473816253,0.004162026626552567,0.004370003096624351,0.16555445214594866,0.10100048940101668,apollo34,Head and Neck
T3M5,HDAC3,12,12,0,0.005186035690862552,0.005186035690862552,0.005186035690862552,0.4429615533607351,0.4429615533607351,apollo34,Head and Neck
T3M5,IBA57,12,12,0,0.002555990847870447,0.002555990847870447,0.0025559908478704476,0.08704079735168357,0.08704079735168357,apollo34,Head and Neck
T3M5,IER3IP1,12,12,0,0.002487208396637088,0.002487208396637088,0.0024872083966370885,0.039518656802221754,0.039518656802221754,apollo34,Head and Neck
T3M5,KCTD5,12,5,1,0.0037594709178354713,0.0038386371269742772,0.004216018572681728,0.37541596898727386,0.31777444369860286,apollo34,Head and Neck
T3M5,KIF2C,12,6,1,0.0032379154536503235,0.0027518299848091816,0.0031137356526239374,0.1696297217948747,0.22673684525954002,apollo34,Head and Neck
T3M5,LRP8,12,6,1,0.0037263686164930097,0.0039034272064110962,0.004178557315074873,0.39341226801029944,0.3034321148931655,apollo34,Head and Neck
T3M5,MAD2L1,6,6,0,0.009156138239632447,0.009156138239632447,0.009156138239632447,0.45495957912844726,0.45495957912844726,apollo34,Head and Neck
T3M5,MAPK1,12,5,1,0.005059637492570358,0.005209613198589485,0.005514789510937039,0.24985684390451346,0.1614695103592263,apollo34,Head and Neck
T3M5,MDM2,9,9,0,0.008196501897543909,0.008196501897543909,0.00819650189754391,-0.010083655479906143,-0.010083655479906143,apollo34,Head and Neck
T3M5,METAP1,12,6,1,0.004813711183606193,0.004126730432040011,0.004455904879896911,-0.15304885807114052,-0.10787754961772203,apollo34,Head and Neck
T3M5,METTL1,12,5,1,0.0033736158597043363,0.00328675071671333,0.003583905126445823,0.18004750546937934,0.13671561157191184,apollo34,Head and Neck
T3M5,MIB1,12,12,0,0.0030959741977907816,0.0030959741977907816,0.0030959741977907825,0.07105759861362215,0.07105759861362215,apollo34,Head and Neck
T3M5,MIPEP,12,5,1,0.003519334066248374,0.003025050561321855,0.0032463391299290705,0.0499940393280187,0.0988609767241607,apollo34,Head and Neck
T3M5,MTOR,12,12,0,0.004496407949219741,0.004496407949219741,0.004496407949219741,0.6806804639281321,0.6806804639281321,apollo34,Head and Neck
T3M5,MTPAP,12,12,0,0.002985120185582197,0.002985120185582197,0.002985120185582196,0.8776318426994608,0.8776318426994608,apollo34,Head and Neck
T3M5,MYC,11,11,0,0.01933291090154993,0.01933291090154993,0.01933291090154993,0.8309303257882182,0.8309303257882182,apollo34,Head and Neck
T3M5,N6AMT1,12,3,1,0.0034744760566427354,0.0022908822900060003,0.0030477499364330294,0.04476078098252374,0.06193253430849449,apollo34,Head and Neck
T3M5,NFKB1,12,12,0,0.002385262497788932,0.002385262497788932,0.002385262497788932,0.10334852770927266,0.10334852770927266,apollo34,Head and Neck
T3M5,NHLRC2,12,12,0,0.002351547216251954,0.002351547216251954,0.002351547216251954,-0.10333491214911919,-0.10333491214911919,apollo34,Head and Neck
T3M5,NRBP1,11,11,0,0.005256956045474595,0.005256956045474595,0.005256956045474595,0.5773146749105978,0.5773146749105978,apollo34,Head and Neck
T3M5,PIK3CA,12,6,1,0.005173537830843523,0.0037999131864265385,0.004107149234050869,0.09102497707493554,0.0712187541209506,apollo34,Head and Neck
T3M5,PITRM1,12,4,1,0.003041575443372345,0.0025339948333689814,0.002964882097056758,0.05199394023038091,0.05061557935330318,apollo34,Head and Neck
T3M5,PKMYT1,11,10,1,0.005071959347478236,0.004998398694470525,0.0050330535387136735,0.2755581795320368,0.27888188574096895,apollo34,Head and Neck
T3M5,POLR2D,8,8,0,0.030814114335398733,0.030814114335398733,0.030814114335398726,0.6271184810721061,0.6271184810721061,apollo34,Head and Neck
T3M5,PPIL1,12,3,1,0.004642653619322826,0.003992117891824458,0.004746614762918373,0.06223951919536209,0.1042993953143836,apollo34,Head and Neck
T3M5,PPP2R2A,12,8,1,0.0033811362164197153,0.0033264681397726756,0.0034302516456158937,0.22844524272608135,0.2157837669608661,apollo34,Head and Neck
T3M5,PRKRA,12,6,1,0.012231560075689544,0.012289728667128703,0.012655214754435054,0.16475469881226715,0.11988005043306584,apollo34,Head and Neck
T3M5,RAB18,12,12,0,0.0037929614435813948,0.0037929614435813948,0.003792961443581393,0.1286254135834089,0.1286254135834089,apollo34,Head and Neck
T3M5,RAB7A,12,11,1,0.00319867846655376,0.003116313584753958,0.0031447783624660042,0.30497514531006187,0.30654717911421325,apollo34,Head and Neck
T3M5,RAD51,10,9,1,0.005539620698166481,0.005115931016654219,0.005197985942095545,0.1768974908696416,0.18111294703891057,apollo34,Head and Neck
T3M5,RHOA,12,10,1,0.003731832914527562,0.0035775408821286867,0.0036526783354804727,0.26002139844040756,0.2597352240941713,apollo34,Head and Neck
T3M5,RNF31,12,12,0,0.002857966606345784,0.002857966606345784,0.0028579666063457835,0.11118863368607688,0.11118863368607688,apollo34,Head and Neck
T3M5,SCYL1,12,5,1,0.004373526127322812,0.003874527953771617,0.0045331148302013135,0.16518380582943873,0.2653041407059995,apollo34,Head and Neck
T3M5,SDHB,12,5,1,0.0028018460459345697,0.0024417748278568433,0.00277475363093731,0.20029132250824977,0.2349635887714971,apollo34,Head and Neck
T3M5,SEC23IP,12,8,1,0.003975595640191539,0.0027844318054670867,0.002995642072750886,0.16738465543321082,0.1888195639053475,apollo34,Head and Neck
T3M5,SLC20A1,12,12,0,0.003352552202473016,0.003352552202473016,0.003352552202473017,0.1280354116202752,0.1280354116202752,apollo34,Head and Neck
T3M5,SLC25A3,12,12,0,0.0034767757145247233,0.0034767757145247233,0.0034767757145247238,0.035560102270727555,0.035560102270727555,apollo34,Head and Neck
T3M5,SLC39A10,12,12,0,0.018891776624828303,0.018891776624828303,0.018891776624828303,0.4924717267132983,0.4924717267132983,apollo34,Head and Neck
T3M5,SLC39A9,12,6,1,0.003096696335236332,0.002418667725678978,0.0025984071953676015,-0.14821563286784442,-0.13745807563421886,apollo34,Head and Neck
T3M5,SMCHD1,12,6,1,0.004326442932787039,0.003217269094722907,0.0034839451075044403,-0.07798176312415918,-0.07784959266943162,apollo34,Head and Neck
T3M5,SMG6,12,12,0,0.011920132956716917,0.011920132956716917,0.01192013295671692,0.7814338828539893,0.7814338828539893,apollo34,Head and Neck
T3M5,SPRING1,12,7,1,0.0038692338869079352,0.0031462515515319964,0.0033089584520478847,-0.0081758502142946,0.09121705265850477,apollo34,Head and Neck
T3M5,STEAP3,12,12,0,0.003397931198823885,0.003397931198823885,0.003397931198823886,-0.07682800791583769,-0.07682800791583769,apollo34,Head and Neck
T3M5,STXBP3,12,7,1,0.004874044344523613,0.0038514368068156097,0.00415262071686147,0.32564671243314125,0.33397931854214125,apollo34,Head and Neck
T3M5,SUZ12,12,10,1,0.0034197353760472998,0.003511675195619904,0.0035770056317751555,0.23514413898558684,0.1974728075767838,apollo34,Head and Neck
T3M5,TFRC,12,5,1,0.004735546541382731,0.004322644610843038,0.005118084874744013,0.3547271726715555,0.35423330320208274,apollo34,Head and Neck
T3M5,TRAF2,12,12,0,0.004459562644847442,0.004459562644847442,0.004459562644847441,-0.01384750860533875,-0.01384750860533875,apollo34,Head and Neck
T3M5,TRAIP,11,7,1,0.004359379089152513,0.003636685377700558,0.003900937903179967,0.11783657414214083,0.14668961573202854,apollo34,Head and Neck
T3M5,TWNK,12,7,1,0.004037721892309723,0.0036922656662572023,0.0038471253075032788,0.06890155974238557,0.12071555663976657,apollo34,Head and Neck
T3M5,TXN,12,3,1,0.002994938168875415,0.0029565741456492886,0.003637920457924223,0.18092749653165216,0.0822807711553464,apollo34,Head and Neck
T3M5,TYMS,12,12,0,0.004338528425627736,0.004338528425627736,0.004338528425627736,0.011000509229824004,0.011000509229824004,apollo34,Head and Neck
T3M5,UBA5,12,12,0,0.004183198420739875,0.004183198420739875,0.004183198420739874,-0.036019058966314715,-0.036019058966314715,apollo34,Head and Neck
T3M5,UBE2C,12,6,1,0.002443574734056266,0.0023291779816001653,0.0025868420505948666,0.4006471583009163,0.3560936187215828,apollo34,Head and Neck
T3M5,UBE2D3,10,7,1,0.006280395270151183,0.00684515024436742,0.00706174159554174,0.4070113178665142,0.3470111095947576,apollo34,Head and Neck
T3M5,UBE2G2,12,3,1,0.003071238511906277,0.0025971011124034053,0.0032296898734428584,0.18398893443433542,0.13667955353639358,apollo34,Head and Neck
T3M5,UBE2H,12,9,1,0.005109167088314078,0.004404082188630066,0.004502215020396914,0.01075490549335024,0.03411132040892405,apollo34,Head and Neck
T3M5,UBE2S,12,3,1,0.005873388321228172,0.003959942030414181,0.004893905217334405,0.03391762801767006,0.031576643590136566,apollo34,Head and Neck
T3M5,UBE3A,12,4,1,0.006756384659873621,0.0024789638648541777,0.0032613617561939013,-0.038961157924995556,-0.007080980975482641,apollo34,Head and Neck
T3M5,UFL1,12,3,1,0.00420091966757215,0.0035202416054533198,0.004227738625040125,0.07895814904101311,0.13808549274426504,apollo34,Head and Neck
T3M5,USP37,10,10,0,0.006200212966924196,0.006200212966924196,0.0062002129669241944,-0.001561958627248833,-0.001561958627248833,apollo34,Head and Neck
T3M5,WDR48,12,12,0,0.0026111149502878153,0.0026111149502878153,0.002611114950287816,0.1417036528261378,0.1417036528261378,apollo34,Head and Neck
T3M5,WDR89,12,12,0,0.0031981170330438644,0.0031981170330438644,0.0031981170330438653,-0.15335669212067127,-0.15335669212067127,apollo34,Head and Neck
T3M5,XRN1,12,12,0,0.005170177765036521,0.005170177765036521,0.00517017776503652,0.5582456525011337,0.5582456525011337,apollo34,Head and Neck
T3M5,YTHDF2,12,12,0,0.00284508861949989,0.00284508861949989,0.002845088619499891,0.24147909896301087,0.24147909896301087,apollo34,Head and Neck
U343,ADAR,12,10,1,0.01527029127692316,0.016100235321566143,0.016192727792073796,0.5945006664271748,0.58927216989791,apollo32,CNS/Brain
U343,ADAT2,13,13,0,0.0021613373693637385,0.0021613373693637385,0.0021613373693637394,0.02160893340071516,0.02160893340071516,apollo32,CNS/Brain
U343,AP2M1,13,8,1,0.0038910828538470466,0.00349737317670029,0.003697643679979955,0.22188043001899888,0.22712661137501375,apollo32,CNS/Brain
U343,ATF4,13,7,1,0.004536233366951873,0.004067717051158809,0.0042794546917436765,0.09236066259340324,0.17640498250505862,apollo32,CNS/Brain
U343,ATP5PO,13,8,1,0.0029794350431481655,0.0025320023264809735,0.0026833912717776735,0.30630611714003253,0.31171077744411385,apollo32,CNS/Brain
U343,BCL2L2,13,13,0,0.003553725703846861,0.003553725703846861,0.003553725703846862,-0.1658119016407353,-0.1658119016407353,apollo32,CNS/Brain
U343,BRD4,13,13,0,0.016312095765024362,0.016312095765024362,0.01631209576502435,0.4900008024541262,0.4900008024541262,apollo32,CNS/Brain
U343,C3orf38,13,6,1,0.01612870139923681,0.015963633710189565,0.01617461543372704,0.19393143779186175,0.18327241057663363,apollo32,CNS/Brain
U343,CAB39,13,10,1,0.0041558041212968995,0.004134211996778724,0.004205981216638987,0.38303680106585175,0.3698207446714005,apollo32,CNS/Brain
U343,CCDC51,13,7,1,0.009011928209842316,0.0075472456510064755,0.007846718689726286,0.04577413514610021,0.11776911067410788,apollo32,CNS/Brain
U343,CCNE1,13,4,1,0.004616050063569366,0.004441173278677266,0.005135230507231606,0.12504099365701177,0.11094733702880517,apollo32,CNS/Brain
U343,CD46,13,13,0,0.0052293500998592726,0.0052293500998592726,0.005229350099859271,0.08923069129840143,0.08923069129840143,apollo32,CNS/Brain
U343,CDK4,13,13,0,0.007468774493110098,0.007468774493110098,0.0074687744931100945,-0.2581032374976293,-0.2581032374976293,apollo32,CNS/Brain
U343,CLPB,13,10,1,0.004450739523182174,0.004654702218945918,0.004717325244256185,0.48209705416553417,0.4556722841324888,apollo32,CNS/Brain
U343,COX5B,13,8,1,0.004430219664748832,0.004244986471242737,0.00437078225510334,0.28974533859698826,0.2893169877077861,apollo32,CNS/Brain
U343,DCLRE1B,13,5,1,0.006467644259383243,0.006280160597185411,0.006574274174128046,0.14453593044419502,0.1482618861866708,apollo32,CNS/Brain
U343,DNAJC13,13,6,1,0.004052658755532437,0.0036321491334548343,0.003900922211286701,0.15753181354043225,0.15088729903401046,apollo32,CNS/Brain
U343,EEFSEC,13,7,1,0.0026373993623800625,0.002478209251608314,0.0026407639524336037,0.1826483681737341,0.17239617142331906,apollo32,CNS/Brain
U343,FBXO7,13,3,1,0.003641582870481514,0.0034880870173079645,0.004095019030665499,0.1932474509875975,0.12165189566995198,apollo32,CNS/Brain
U343,GET4,13,13,0,0.008657306333414468,0.008657306333414468,0.008657306333414468,0.11160938346658004,0.11160938346658004,apollo32,CNS/Brain
U343,GPX4,13,4,1,0.00516552823060807,0.0036138144668851064,0.004323720978294112,0.1516520576636637,0.1601607117461044,apollo32,CNS/Brain
U343,HDAC3,13,13,0,0.01814782760518425,0.01814782760518425,0.018147827605184248,0.399071015772457,0.399071015772457,apollo32,CNS/Brain
U343,IBA57,13,13,0,0.005559176742224353,0.005559176742224353,0.005559176742224351,-0.08526141244245408,-0.08526141244245408,apollo32,CNS/Brain
U343,IER3IP1,13,4,1,0.008589817599353927,0.004335964152481766,0.0048961779038658925,-0.29870622895923044,-0.17764287121484965,apollo32,CNS/Brain
U343,KCTD5,13,3,1,0.004873865792860057,0.003203903059112248,0.0038793833629034535,0.04287133551603284,0.10126599807609465,apollo32,CNS/Brain
U343,KIF2C,13,10,1,0.005541800937306174,0.0057542478897285145,0.005834776529366522,0.27767699219678477,0.2503369829363168,apollo32,CNS/Brain
U343,LRP8,13,7,1,0.004632036216037402,0.004213740776740358,0.004399216964719471,0.07021906792000956,0.0878977949950181,apollo32,CNS/Brain
U343,MAPK1,13,4,1,0.003654664422283128,0.0028448205484260377,0.0032601785892555036,0.14851629081394893,0.1839849907758195,apollo32,CNS/Brain
U343,METAP1,13,6,1,0.004264999340656926,0.004032165864042774,0.004351231220370748,0.08228378665273103,0.1078559017240078,apollo32,CNS/Brain
U343,METTL1,13,6,1,0.003790126536215412,0.003784076022821857,0.00398325184750125,0.25205717023111934,0.24438719151854887,apollo32,CNS/Brain
U343,MIB1,13,13,0,0.005202660508359392,0.005202660508359392,0.005202660508359392,0.1785345576593606,0.1785345576593606,apollo32,CNS/Brain
U343,MIPEP,13,5,1,0.003438712910009166,0.00315319060125426,0.003360301473774047,0.07642148676865484,0.14640652931736392,apollo32,CNS/Brain
U343,MTOR,13,13,0,0.017128713648374757,0.017128713648374757,0.017128713648374757,0.6427777767395754,0.6427777767395754,apollo32,CNS/Brain
U343,MTPAP,13,13,0,0.00441025844304116,0.00441025844304116,0.00441025844304116,0.9042071065706057,0.9042071065706057,apollo32,CNS/Brain
U343,MYC,13,13,0,0.015461260789043271,0.015461260789043271,0.015461260789043276,0.6439917489054937,0.6439917489054937,apollo32,CNS/Brain
U343,N6AMT1,13,13,0,0.00444938451965238,0.00444938451965238,0.004449384519652379,0.28268204025066357,0.28268204025066357,apollo32,CNS/Brain
U343,NFKB1,13,13,0,0.00409291448686136,0.00409291448686136,0.004092914486861361,0.05770468546925145,0.05770468546925145,apollo32,CNS/Brain
U343,NHLRC2,13,13,0,0.008375474124532718,0.008375474124532718,0.008375474124532715,-0.15683804358258607,-0.15683804358258607,apollo32,CNS/Brain
U343,NRBP1,13,12,1,0.00876867016911007,0.008942786128689009,0.008979564408315838,0.5227342621971418,0.5184278809929207,apollo32,CNS/Brain
U343,PIK3CA,13,7,1,0.003436797332031109,0.0028272361886034617,0.003054743070982487,0.3055558985669868,0.2851907334488035,apollo32,CNS/Brain
U343,PITRM1,13,4,1,0.0053124208125219854,0.004857431056481493,0.005228124543641055,0.07154607705114337,0.07418918791256895,apollo32,CNS/Brain
U343,PKMYT1,12,11,1,0.006963042980492439,0.006849265631265673,0.0068770180665090105,0.20498601102696687,0.21461936139602067,apollo32,CNS/Brain
U343,PPIL1,13,3,1,0.005667587174348519,0.005070505356294678,0.005848616963372819,0.08638790754078683,0.12177604921410934,apollo32,CNS/Brain
U343,PPP2R2A,13,11,1,0.0037936349905093977,0.0038071407233899613,0.003838721708912904,0.24804301442929613,0.22384866335456302,apollo32,CNS/Brain
U343,PRKRA,13,8,1,0.009723518707219983,0.008180109197233072,0.00841871563634525,-0.1241895430027557,-0.11963854431955803,apollo32,CNS/Brain
U343,RAB18,13,13,0,0.0044671531562769425,0.0044671531562769425,0.004467153156276943,0.1980295018013511,0.1980295018013511,apollo32,CNS/Brain
U343,RAB7A,13,11,1,0.009243619973401536,0.009552058127703638,0.009591466381066767,0.4809987508869797,0.45855816288692813,apollo32,CNS/Brain
U343,RHOA,13,12,1,0.005842833188140185,0.005802160725212948,0.005828153561355638,0.4037530119672161,0.41166355174371283,apollo32,CNS/Brain
U343,RNF31,13,13,0,0.004071123147842663,0.004071123147842663,0.004071123147842664,0.08025970177366272,0.08025970177366272,apollo32,CNS/Brain
U343,SCYL1,13,7,1,0.008855233096207482,0.006861292345893634,0.0071728121051138185,-0.112534353771487,-0.010654353389104787,apollo32,CNS/Brain
U343,SDHB,13,6,1,0.004050077493821475,0.003650342128585732,0.0038680486424841768,0.05985292071634473,0.1130599127456689,apollo32,CNS/Brain
U343,SEC23IP,13,9,1,0.005644069017523831,0.005120122963934417,0.005229833858426721,0.1904030835450177,0.20668086759250368,apollo32,CNS/Brain
U343,SLC20A1,13,3,1,0.004668546300544421,0.004074610428864673,0.00480611033451125,-0.031286768995365755,-0.03292839018542462,apollo32,CNS/Brain
U343,SLC25A3,13,13,0,0.003943272602228451,0.003943272602228451,0.003943272602228451,0.12033636010961164,0.12033636010961164,apollo32,CNS/Brain
U343,SLC39A10,13,11,1,0.008569791301655834,0.008327048462123825,0.00844579491806293,0.5303693511412887,0.5407184988388491,apollo32,CNS/Brain
U343,SLC39A9,13,3,1,0.003862616795233488,0.0028627978040637486,0.003397864587729474,0.10531101805995924,0.17721935099400146,apollo32,CNS/Brain
U343,SMCHD1,13,4,1,0.0035611690978094536,0.0031978256189229867,0.0036298564905745344,0.10443430880119102,0.050841033152023325,apollo32,CNS/Brain
U343,SMG6,13,13,0,0.004579411743296535,0.004579411743296535,0.004579411743296536,0.7985294953446461,0.7985294953446461,apollo32,CNS/Brain
U343,SPRING1,13,5,1,0.0033002148903010847,0.00284196598124289,0.0031365594087369606,0.10834514829394336,0.09719154174824436,apollo32,CNS/Brain
U343,STEAP3,13,13,0,0.0021821197401022054,0.0021821197401022054,0.0021821197401022054,0.08658395338090605,0.08658395338090605,apollo32,CNS/Brain
U343,STXBP3,13,7,1,0.003846997196148182,0.004139990863158413,0.004403607400986171,0.4979797251246768,0.47434129076488957,apollo32,CNS/Brain
U343,SUZ12,13,10,1,0.008158272795462121,0.00790446945951127,0.007977759227004664,0.154913320179004,0.17908389551077275,apollo32,CNS/Brain
U343,TFRC,13,7,1,0.005182997215757207,0.004297462316325186,0.0046910003108691905,0.2563961032738111,0.22118622352207354,apollo32,CNS/Brain
U343,TRAF2,13,13,0,0.004690301933462335,0.004690301933462335,0.004690301933462335,0.12275155329574318,0.12275155329574318,apollo32,CNS/Brain
U343,TRAIP,13,8,1,0.0072889064272927745,0.0071048578527778475,0.0073380319720701016,0.31317948899201875,0.33912478103903476,apollo32,CNS/Brain
U343,TWNK,13,6,1,0.0045763073875082615,0.004421892816898726,0.004630129072774613,0.1378008256050655,0.13266022518067852,apollo32,CNS/Brain
U343,TXN,13,4,1,0.0038705625934671744,0.003689262653157623,0.004136682584390566,0.19605605449016186,0.18836427205594858,apollo32,CNS/Brain
U343,TYMS,13,4,1,0.0037346949828158484,0.002654754261837324,0.003155968121085482,0.025656799346412976,0.022136342562810215,apollo32,CNS/Brain
U343,UBA5,13,12,1,0.003636156485870689,0.0036596681745032144,0.0036715307562900355,0.20392260663634937,0.190894784309957,apollo32,CNS/Brain
U343,UBE2C,13,5,1,0.0044193932252105245,0.004466827579597678,0.00477842732375513,0.3239431845072643,0.292589221496111,apollo32,CNS/Brain
U343,UBE2G2,13,4,1,0.0034350272286741033,0.003224151782530481,0.0036202992448547836,0.24532679672363752,0.22317853485609032,apollo32,CNS/Brain
U343,UBE2H,13,7,1,0.00635820074768739,0.006580233535016531,0.006799333128146984,0.3322777612118223,0.264272330714307,apollo32,CNS/Brain
U343,UBE2S,13,13,0,0.0053025201601480726,0.0053025201601480726,0.005302520160148071,0.11994914920761604,0.11994914920761604,apollo32,CNS/Brain
U343,UBE3A,13,13,0,0.004126024860599701,0.004126024860599701,0.004126024860599701,-0.048252961654526784,-0.048252961654526784,apollo32,CNS/Brain
U343,UFL1,13,5,1,0.006025945507120033,0.005852268251110173,0.006162637365735417,0.23091017371477562,0.24849556715940094,apollo32,CNS/Brain
U343,USP37,12,12,0,0.008783292827760938,0.008783292827760938,0.008783292827760938,0.2347019044182094,0.2347019044182094,apollo32,CNS/Brain
U343,WDR48,13,13,0,0.004110331734602643,0.004110331734602643,0.0041103317346026435,0.130190648904032,0.130190648904032,apollo32,CNS/Brain
U343,WDR89,13,13,0,0.010832723462156758,0.010832723462156758,0.010832723462156756,0.007152236510070893,0.007152236510070893,apollo32,CNS/Brain
U343,XRN1,13,13,0,0.005547111790806432,0.005547111790806432,0.005547111790806432,0.5567977037834213,0.5567977037834213,apollo32,CNS/Brain
U343,YTHDF2,13,13,0,0.0033431181362698938,0.0033431181362698938,0.003343118136269893,0.2981066638897116,0.2981066638897116,apollo32,CNS/Brain
UMRC3,ADAR,12,10,1,0.006294451179372646,0.005056175944851269,0.005192280019680198,0.10363519979216992,0.10885438261117425,apollo35,Kidney
UMRC3,ADAT2,13,13,0,0.001865956841693074,0.001865956841693074,0.0018659568416930746,0.13326890155894847,0.13326890155894847,apollo35,Kidney
UMRC3,AP2M1,13,10,1,0.0032948603286590715,0.002905447203747835,0.0030001378272711474,0.030327132245739644,0.060645106589736396,apollo35,Kidney
UMRC3,ATF4,13,9,1,0.004199587656796697,0.003820135010661117,0.003948340661157377,-0.032766422781438674,0.011498351971257818,apollo35,Kidney
UMRC3,ATP5PO,13,9,1,0.002566989570337771,0.00205684403689288,0.002164330224055526,0.10324687566221416,0.11062303978120874,apollo35,Kidney
UMRC3,BCL2L2,13,3,1,0.0037130483847582097,0.0028165912976166664,0.003418404549305779,0.0016042941871370418,-0.023335728271781524,apollo35,Kidney
UMRC3,BRD4,13,13,0,0.02079385817106242,0.02079385817106242,0.020793858171062416,0.432114042252983,0.432114042252983,apollo35,Kidney
UMRC3,C3orf38,13,13,0,0.002968095240923727,0.002968095240923727,0.0029680952409237276,0.231736199371814,0.231736199371814,apollo35,Kidney
UMRC3,CAB39,13,11,1,0.004446621725584623,0.004107887859658409,0.004168623548913658,0.12192172699052745,0.14773986443157813,apollo35,Kidney
UMRC3,CCDC51,13,5,1,0.007296814324212854,0.00518233216468796,0.0057670479724853735,0.2736377005808185,0.2725510325362615,apollo35,Kidney
UMRC3,CCNE1,13,4,1,0.0031832898893245647,0.0025401926637442325,0.0030088341081953222,0.01592337013707266,0.04315847963623842,apollo35,Kidney
UMRC3,CD46,13,13,0,0.004088187077347934,0.004088187077347934,0.004088187077347934,0.058716646412590695,0.058716646412590695,apollo35,Kidney
UMRC3,CDK4,13,13,0,0.00501526297704355,0.00501526297704355,0.00501526297704355,0.1227956463207689,0.1227956463207689,apollo35,Kidney
UMRC3,CLPB,13,12,1,0.003210584583914772,0.0031788304403477232,0.003197824947107693,0.25727159450946,0.25332903082000136,apollo35,Kidney
UMRC3,COX5B,13,8,1,0.003333195101913582,0.003389488272217189,0.0035288343613241718,0.2816108730636229,0.29077683247747926,apollo35,Kidney
UMRC3,DCLRE1B,13,7,1,0.002263167467427781,0.0021476849964000675,0.002324096317898302,0.1459175960521485,0.1328635571900546,apollo35,Kidney
UMRC3,DNAJC13,13,7,1,0.005226416363924573,0.00477066688085902,0.004964023301221777,0.06477825870125088,0.08882972135388717,apollo35,Kidney
UMRC3,EEFSEC,13,9,1,0.0028553758559555272,0.002935268718472875,0.0030426476597564546,0.4000271452671936,0.32952781474099,apollo35,Kidney
UMRC3,FBXO7,13,3,1,0.0027535856206745484,0.0023490693290124424,0.0029924251740339083,0.09735591534272259,0.13901327334720054,apollo35,Kidney
UMRC3,GET4,13,13,0,0.0035697960063416617,0.0035697960063416617,0.003569796006341663,0.023343038855845488,0.023343038855845488,apollo35,Kidney
UMRC3,GPX4,12,3,1,0.004459375520104501,0.0035319185497952807,0.004528480672227318,0.3145542105864605,0.2608925322505881,apollo35,Kidney
UMRC3,HDAC3,13,13,0,0.006048647969341946,0.006048647969341946,0.006048647969341945,0.38100460674193987,0.38100460674193987,apollo35,Kidney
UMRC3,IBA57,13,13,0,0.002300253219599062,0.002300253219599062,0.002300253219599062,-0.007465823459841147,-0.007465823459841147,apollo35,Kidney
UMRC3,IER3IP1,13,4,1,0.0061414392222266835,0.00256173106502715,0.003131364637246159,-0.23773302324161086,-0.09543746323797656,apollo35,Kidney
UMRC3,KCTD5,13,4,1,0.003128058365037713,0.002840463117709233,0.00337815526098944,0.27895324625140966,0.22595710245021652,apollo35,Kidney
UMRC3,KIF2C,13,6,1,0.006160233862392094,0.006274827804529636,0.006619064430495337,0.281758630358333,0.244052807676889,apollo35,Kidney
UMRC3,LRP8,13,8,1,0.004045012236962743,0.0035372634692131034,0.0036874012364208407,-0.007746920448700493,0.008016741138905097,apollo35,Kidney
UMRC3,MAD2L1,7,7,0,0.013089552590359507,0.013089552590359507,0.01308955259035951,0.2380637244346926,0.2380637244346926,apollo35,Kidney
UMRC3,MAPK1,13,6,1,0.00211377456556381,0.0020118586751730993,0.002267745686183627,0.17372963896555565,0.11136686298702238,apollo35,Kidney
UMRC3,METAP1,13,5,1,0.00771539321311885,0.00839483847593318,0.008810885330569302,0.3530742774774544,0.2211173072652557,apollo35,Kidney
UMRC3,METTL1,13,6,1,0.0029603640521668655,0.002568279556462219,0.0027924099813595856,0.016123402731529707,0.031192599008119434,apollo35,Kidney
UMRC3,MIB1,13,13,0,0.006314518605532251,0.006314518605532251,0.0063145186055322535,0.09767311784446368,0.09767311784446368,apollo35,Kidney
UMRC3,MIPEP,13,4,1,0.002329617907452711,0.001952482919723445,0.0022692300468239155,0.06401528301555541,0.19889271408415438,apollo35,Kidney
UMRC3,MTOR,13,13,0,0.004419716580200575,0.004419716580200575,0.004419716580200574,0.537043845109544,0.537043845109544,apollo35,Kidney
UMRC3,MTPAP,13,13,0,0.005645049055800955,0.005645049055800955,0.005645049055800958,0.7310647511611669,0.7310647511611669,apollo35,Kidney
UMRC3,MYC,12,12,0,0.010537704222462788,0.010537704222462788,0.01053770422246279,0.740516752651899,0.740516752651899,apollo35,Kidney
UMRC3,N6AMT1,13,3,1,0.003528619524887275,0.003367318419067006,0.0040488117417256985,0.36759185855073323,0.2683272712021527,apollo35,Kidney
UMRC3,NFKB1,13,13,0,0.0018672078757044392,0.0018672078757044392,0.0018672078757044387,0.018391859311074153,0.018391859311074153,apollo35,Kidney
UMRC3,NHLRC2,13,13,0,0.0023009333468509523,0.0023009333468509523,0.0023009333468509523,0.0502011568667073,0.0502011568667073,apollo35,Kidney
UMRC3,NRBP1,12,11,1,0.006514843985090878,0.006356886034390716,0.006398339631118327,0.3556128222168885,0.35226293473232145,apollo35,Kidney
UMRC3,PIK3CA,13,7,1,0.002892436863673032,0.002909329970016027,0.0031179714312612595,0.37117298902093904,0.35159177857124696,apollo35,Kidney
UMRC3,PITRM1,13,4,1,0.003316734111790846,0.0027189405164498885,0.003124089974236488,0.06945420582245114,0.0909278811332536,apollo35,Kidney
UMRC3,PKMYT1,12,10,1,0.003191846704182623,0.0031006488211507764,0.003162149836789373,0.31923514918453066,0.3337371103131502,apollo35,Kidney
UMRC3,POLR2D,10,10,0,0.014006038741214703,0.014006038741214703,0.014006038741214701,0.5500602685893896,0.5500602685893896,apollo35,Kidney
UMRC3,PPIL1,13,7,1,0.004625540724321762,0.004477551992046443,0.004673045339526076,0.0983956224199761,0.07750668340489801,apollo35,Kidney
UMRC3,PPP2R2A,13,8,1,0.002476871544769972,0.002402442338211405,0.002522666257583997,0.18000749797800383,0.14722347412398307,apollo35,Kidney
UMRC3,PRKRA,13,8,1,0.006116678131844238,0.005231455789228232,0.0055214262415877935,0.1451044099154133,0.11076315676078786,apollo35,Kidney
UMRC3,PSMA1,5,5,0,0.03193980083307643,0.03193980083307643,0.031939800833076445,0.656645120097235,0.656645120097235,apollo35,Kidney
UMRC3,RAB18,13,3,1,0.005271870775234875,0.004561344915806422,0.005431704634492702,0.01564210455892147,0.04289871297037305,apollo35,Kidney
UMRC3,RAB7A,13,9,1,0.0036118708126244062,0.003061686747140509,0.0031842130470082935,0.2826193465376443,0.3192162593785512,apollo35,Kidney
UMRC3,RAD51,11,9,1,0.009832769082672718,0.009958148788206535,0.010087370623157824,0.29079344638992943,0.3040179807468846,apollo35,Kidney
UMRC3,RHOA,13,12,1,0.004318457919142442,0.004400723630506977,0.004425005162502342,0.34427095570242366,0.3212366833442256,apollo35,Kidney
UMRC3,RNF31,13,13,0,0.002318743555258777,0.002318743555258777,0.002318743555258777,0.08764412141786815,0.08764412141786815,apollo35,Kidney
UMRC3,SCYL1,13,9,1,0.0047996327131611775,0.004201285759504035,0.00437159397005995,-0.0591208846392178,0.012214758480187054,apollo35,Kidney
UMRC3,SDHB,13,8,1,0.003899239800767455,0.0034132881371655133,0.0035458741741523038,-0.040664101404719814,0.04149388101954453,apollo35,Kidney
UMRC3,SEC23IP,13,6,1,0.003677262597659404,0.00498655282755918,0.005393124091149391,0.7226069881639572,0.6628997726818656,apollo35,Kidney
UMRC3,SLC20A1,13,13,0,0.006116297383592715,0.006116297383592715,0.0061162973835927155,0.05368738553010947,0.05368738553010947,apollo35,Kidney
UMRC3,SLC25A3,13,13,0,0.010509449067457445,0.010509449067457445,0.010509449067457443,0.07051204633593272,0.07051204633593272,apollo35,Kidney
UMRC3,SLC39A10,13,12,1,0.00589132114934042,0.005366182955739672,0.005419353319912005,0.31015510222675247,0.32926600321469396,apollo35,Kidney
UMRC3,SLC39A9,13,13,0,0.0025948544084485486,0.0025948544084485486,0.0025948544084485486,0.2758854785631122,0.2758854785631122,apollo35,Kidney
UMRC3,SMCHD1,13,4,1,0.002903453518221587,0.00215222581820985,0.002683385520919319,0.23098121830779117,0.2324666134329007,apollo35,Kidney
UMRC3,SMG6,13,13,0,0.004443039871986631,0.004443039871986631,0.004443039871986631,0.8018933093947208,0.8018933093947208,apollo35,Kidney
UMRC3,SPRING1,13,4,1,0.002911573073303221,0.002779405006458654,0.0032263073179995784,0.16299293667778794,0.13651507346040181,apollo35,Kidney
UMRC3,STEAP3,13,13,0,0.004386136428316233,0.004386136428316233,0.004386136428316235,0.08231951238858375,0.08231951238858375,apollo35,Kidney
UMRC3,STXBP3,13,9,1,0.003703947052137389,0.0028576979178975724,0.003024889874698232,0.20350140039607634,0.22251477607165135,apollo35,Kidney
UMRC3,SUZ12,13,9,1,0.002630256973285688,0.0024224658250562455,0.002550203549214822,0.2114920822623339,0.22895204078465065,apollo35,Kidney
UMRC3,TFRC,13,6,1,0.005165325152050032,0.004403318425733876,0.004993187257036935,0.1890118309988261,0.21761930019783682,apollo35,Kidney
UMRC3,TRAF2,13,3,1,0.009036436772161795,0.007483067206823655,0.008451548267945443,-0.0022291693221254028,0.04548183532014573,apollo35,Kidney
UMRC3,TRAIP,12,9,1,0.005074535524607659,0.0051238631346849925,0.0052599301622613046,0.30283336208775546,0.2958428066520186,apollo35,Kidney
UMRC3,TWNK,13,7,1,0.002621475544642913,0.0024586658340326317,0.0026279855921740054,0.2067326388514866,0.22957655129898438,apollo35,Kidney
UMRC3,TXN,13,5,1,0.0035874393033245174,0.0033731896154425185,0.003692328921122782,0.21356546168055998,0.18016580856527545,apollo35,Kidney
UMRC3,TYMS,13,13,0,0.0020017466927530667,0.0020017466927530667,0.0020017466927530663,0.05613032936837403,0.05613032936837403,apollo35,Kidney
UMRC3,UBA5,13,11,1,0.0028384671150020937,0.002662227432300222,0.002695429864551235,0.3497367018260606,0.36701929210983636,apollo35,Kidney
UMRC3,UBE2C,13,6,1,0.003225157831331499,0.0032770258488831524,0.0035374308561284843,0.32715003736138765,0.29520428393915604,apollo35,Kidney
UMRC3,UBE2D3,11,6,1,0.00496837396196535,0.0058043893652534465,0.006144196434242072,0.4374260958564345,0.333906465644812,apollo35,Kidney
UMRC3,UBE2G2,13,7,1,0.0035276703571472503,0.0030861289439751876,0.0032322398244459542,-0.037251340172684035,-0.025035795880800387,apollo35,Kidney
UMRC3,UBE2H,13,9,1,0.003973676281018271,0.003327230015752413,0.003451768326433845,0.014129746578984975,0.03941249408638868,apollo35,Kidney
UMRC3,UBE2S,13,5,1,0.006998032137720891,0.005259834203709398,0.0056508801263883985,-0.16166249324680254,-0.08543049251627798,apollo35,Kidney
UMRC3,UBE3A,13,4,1,0.005568309854291343,0.0020241493815221254,0.0028324056363816575,0.15969298315711575,0.1179132286144939,apollo35,Kidney
UMRC3,UFL1,13,4,1,0.0033265965318833076,0.0030998987162969022,0.00354987367687329,0.23452819745134337,0.1884687780407252,apollo35,Kidney
UMRC3,USP37,12,12,0,0.012682157500331368,0.012682157500331368,0.012682157500331368,0.09807388327178386,0.09807388327178386,apollo35,Kidney
UMRC3,WDR48,13,13,0,0.008480048426707715,0.008480048426707715,0.008480048426707715,-0.049359438205716574,-0.049359438205716574,apollo35,Kidney
UMRC3,WDR89,13,13,0,0.00850441507828417,0.00850441507828417,0.00850441507828417,0.18934484956440278,0.18934484956440278,apollo35,Kidney
UMRC3,XRN1,13,13,0,0.003081826258413151,0.003081826258413151,0.00308182625841315,0.6310031558173345,0.6310031558173345,apollo35,Kidney
UMRC3,YTHDF2,13,13,0,0.004778430607752647,0.004778430607752647,0.004778430607752647,0.34843344056293546,0.34843344056293546,apollo35,Kidney
